Date,PriceUSD,Daily_return,7day_return,SettlementDay,2day_Return,Daily_Volatility
01/01/2018,13464.6536116306,-3.2814543336,,0,,0.07386888
02/01/2018,14754.322204851,9.57817876656255,,0,,0.17038558
03/01/2018,15010.2861595558,1.73484048369665,,0,11.4791853731,0.05366022
04/01/2018,15070.3007986558,0.3998234175,,0,2.14160019970901,0.07737757
05/01/2018,16997.2274079486,12.7862518143,,0,13.2371976608,0.15023277
06/01/2018,17103.589279661,0.625760126399561,,0,13.4920232062426,0.05560958
07/01/2018,16231.6949994155,-5.09772695069524,,0,-4.5038663669,0.0810800555182411
08/01/2018,14937.4150894214,-7.9737816047,10.9379826639,0,-12.6650269415411,0.14292935
09/01/2018,14378.5862174167,-3.7411350536,-2.54661638954017,0,-11.4166067195,0.07594772
10/01/2018,14669.0882656341,2.0203797774,-2.2730938657,0,-1.7963404122,0.0974474651017268
11/01/2018,13186.7549427236,-10.1051496594,-12.4983958920,0,-8.2889322822,0.14143258
12/01/2018,13789.4436639392,4.5704096560,-18.8723941089,0,-5.9965867392,0.09426008
13/01/2018,14231.2250645821,3.2037652237,-16.7939265151474,0,7.9206000748,0.05370558
14/01/2018,13681.0654611338,-3.8658625730,-15.7138828593,0,-0.7859505100,0.0911257173764632
15/01/2018,13591.6961966686,-0.6532332202,-9.0090479825,0,-4.4938426946,0.0672537280450136
16/01/2018,11431.0401052016,-15.8968833632,-20.4995544600,0,-16.4462728603,0.26222549
17/01/2018,11159.6085905903,-2.3745128362,-23.9243203906,0,-17.8939226634,0.230974922232502
18/01/2018,11246.0397302747,0.7744997415,-14.7171553644,0,-1.6184036905,0.12659778
19/01/2018,11440.2555616598,1.7269708808,-17.0361340133,0,2.5148460073,0.0880595977043658
20/01/2018,12768.4045856224,11.6094349187,-10.2789497905,0,13.5368973600,0.13003787
21/01/2018,11422.3942589129,-10.5417267888,-16.5094685691,0,-0.1561267810,0.12999155
22/01/2018,10737.3505774401,-5.9973738075,-21.0006578865,0,-15.9068738350,0.16004736
23/01/2018,10849.3918793103,1.0434725127,-5.0883228520,0,-5.0164822419,0.13079612
24/01/2018,11225.8961747516,3.4702801745,0.5939956014,0,4.5499641070,0.09167417
25/01/2018,11130.4649473992,-0.8500989664,-1.0276931760,0,2.5906803922,0.0696632759651901
26/01/2018,11035.5546098773,-0.8527077527,-3.5375167067,1,-1.6955578594,0.11477809
27/01/2018,11320.9701852718,2.5863274252,-11.3360630973,0,1.7115658580,0.0647726850209561
28/01/2018,11615.95871128,2.60568238570198,1.69460489613254,0,5.25940128902278,0.05041221
29/01/2018,11132.5543138515,-4.16155402617846,3.6806448068,0,-1.6643085207,0.06415365
30/01/2018,9959.54671537113,-10.5367336678598,-8.20179761075916,0,-14.2597958298557,0.12470891
31/01/2018,10050.0957971946,0.909168704271656,-10.4740001088,0,-9.7233616485,0.06984213
01/02/2018,9039.86507510228,-10.0519511702,-18.7826823243841,0,-9.23417166014,0.15973149
02/02/2018,8786.0773798948,-2.80742791069377,-20.3839073749,0,-12.5771777982,0.15841614
03/02/2018,9132.10032232613,3.93830975382865,-19.3346491256846,0,1.02031663590,0.148080085087939
04/02/2018,8250.52689596727,-9.65356703543,-28.9724843119891,0,-6.09544465375449,0.16505927
05/02/2018,6849.54255932203,-16.98054384054,-38.4728574753092,0,-24.99488269335,0.21716654
06/02/2018,7738.64395967271,12.98044931688,-22.29923528820,0,-6.20424541061,0.291490487175959
07/02/2018,7624.59538953828,-1.47375393840,-24.1341023667991,0,11.31539549545,0.179512648108991
08/02/2018,8218.58085184103,7.79038666259,-9.08513806830,0,6.20182159393,0.13910171
09/02/2018,8660.45346785505,5.37650750147,-1.42980657474308,0,13.58574488737,0.117418274021872
10/02/2018,8530.29280479252,-1.50293126735,-6.59002306471,0,3.79277102180,0.10435600
11/02/2018,8096.72848129749,-5.08264292231,-1.86410415491,0,-6.50918555997,0.08291279
12/02/2018,8907.67017913501,10.01567114064,30.04766525630,0,4.42396741798,0.11097989
13/02/2018,8523.96693191116,-4.30756010840,10.14806956272,0,5.27667997761,0.0624750899537742
14/02/2018,9467.3010327294,11.0668437401685,24.167913824247,0,6.28257268556315,0.11505487
15/02/2018,10106.7330835769,6.7541113210,22.9741881934873,0,18.5684220071331,0.0907539986739914
16/02/2018,10189.3164833431,0.8171127018,17.6533829453933,0,7.6264127244,0.05752280
17/02/2018,11085.5984143776,8.7962910221,29.9556611720227,0,9.6852793351,0.10440217
18/02/2018,10452.0919772063,-5.7146796545,29.0903109984413,0,2.5789315141,0.10090462
19/02/2018,11139.3557305669,6.5753703169,25.0535269778994,0,0.4849293126,0.0893344546675404
20/02/2018,11245.9323179427,0.9567571945,31.9330824224731,0,7.5950378400,0.0602511966935073
21/02/2018,10458.8650888369,-6.9986836738,10.4735663594,0,-6.1088868889,0.09171095
22/02/2018,9878.15894272355,-5.55228642095362,-2.26160262632022,0,-12.1623831315158,0.11471648
23/02/2018,10159.0656125073,2.84371481986197,-0.2968881267,1,-2.8664627929,0.08198032
24/02/2018,9686.60177995325,-4.65066228110957,-12.6199469088642,0,-1.93919903376,0.11172803
25/02/2018,9603.22747749854,-0.86071776613,-8.12147942784034,0,-5.47135097074717,0.05709688
26/02/2018,10312.3657130333,7.38437402629847,-7.4240381359,0,6.46009764100233,0.10974712837253
27/02/2018,10654.1072948568,3.3139009160,-5.2625696683,0,10.9429857807762,0.06935150
28/02/2018,10307.0249663939,-3.2577326176,-1.4517839283,0,-0.0517897327,0.07308351
01/03/2018,10923.6308617767,5.9823848045,10.583671766319,0,2.5297620857,0.08237535
02/03/2018,11014.0584672706,0.8278163794,8.4160580055,0,6.8597243451,0.03468958
03/03/2018,11425.6805654588,3.7372427195,17.9534456459708,0,4.5959966062,0.04255139
04/03/2018,11462.5831975453,0.3229797286,19.36177940597,0,4.0722929845,0.0383679977256423
05/03/2018,11540.6623205728,0.6811651587,11.9109100833,0,1.0063449127,0.02217106
06/03/2018,10677.0352308591,-7.4833407800,0.2152027886,0,-6.8531495314,0.07161898
07/03/2018,9903.0850490941,-7.2487367985,-3.9190738221,0,-14.1896299016,0.13404611
08/03/2018,9330.47545295149,-5.78213347965734,-14.5844859551221,0,-12.6117386408517,0.10365517
09/03/2018,9278.13918439509,-0.56091748829,-15.7609412373647,0,-6.31061797006558,0.111466110304221
10/03/2018,8786.56042314436,-5.29824732612,-23.0981439328246,0,-5.82944601858,0.08451729
11/03/2018,9513.53539976622,8.27371510138,-17.0035651143319,0,2.53710588614,0.144473296578688
12/03/2018,9147.89018059615,-3.84342101864,-20.7334039720685,0,4.11230037752,0.116576366968335
13/03/2018,9160.54293278784,0.13831333719,-14.2033089268849,0,-3.71042364532,0.06843633
14/03/2018,8222.12723904149,-10.24410562378,-16.9740823361542,0,-10.11996125094,0.153879589754864
15/03/2018,8268.58912244302,0.56508348814,-11.38083837060,0,-9.73690988503,0.09027527
16/03/2018,8376.90449824664,1.30996200440,-9.71352841596,0,1.88244787152,0.08258742
17/03/2018,7881.66192051432,-5.91199980656,-10.29866590625,0,-4.67948275333,0.07235418
18/03/2018,8189.01671917008,3.89961916351,-13.92246546566,0,-2.24292612045,0.12337694
19/03/2018,8537.0156233197,4.2495810679562,-6.67776443766447,0,8.31491770916526,0.07212613
20/03/2018,8895.54717913501,4.19972940937282,-2.89279528077,0,8.62778138322,0.08290217
21/03/2018,8879.5942565751,-0.179336045761507,7.99631285699071,0,4.0128617350,0.04476113
22/03/2018,8710.66493512566,-1.90244414967894,5.34644793853,0,-2.07836842733,0.06699035
23/03/2018,8771.74632349503,0.70122532349,4.71345740340,0,-1.21455924633281,0.07248232
24/03/2018,8610.9885163647,-1.83267733928581,9.25346206428996,0,-1.14430321339782,0.05641278
25/03/2018,8440.61092255991,-1.97860667774666,3.07233715619,0,-3.77502254082,0.03508399
26/03/2018,8171.18435447107,-3.19202686347,-4.2852360238082,0,-5.10747588453761,0.07521225
27/03/2018,7837.26531940386,-4.08654389109,-11.89675956318,0,-7.14812717576,0.05710011
28/03/2018,7933.64272969024,1.22973264728,-10.6530940440709,0,-2.90706480819,0.04638340
29/03/2018,7108.5708132671,-10.3996605914135,-18.3923286429964,1,-9.29781596563568,0.13231622
30/03/2018,6832.14906633548,-3.88856992766703,-22.11187129254,0,-13.88383244474,0.09556834
31/03/2018,6922.2812969024,1.31923688566801,-19.6110727154,0,-2.6206324908,0.06088195
01/04/2018,6804.52487931035,-1.70112153120307,-19.38350266657,0,-0.40432646824,0.085166608441046
02/04/2018,7033.25960958504,3.36150920647,-13.92606867649,0,1.60320431838418,0.04934174
03/04/2018,7420.80051548802,5.51011803083,-5.31390462034,0,9.05685036220,0.06999748
04/04/2018,6780.54360140269,-8.62786855339,-14.53429613073,0,-3.59315626339,0.09645943
05/04/2018,6798.42261659848,0.26368114781,-4.36301761374838,0,-8.38693746841,0.05017276
06/04/2018,6610.49234979544,-2.76432162873,-3.24431909181,0,-2.50792947592,0.04970202
07/04/2018,6886.46947194623,4.17483460456,-0.517341370859852,0,1.29510711989,0.06749355
08/04/2018,7009.99610432496,1.79375851272,3.01962633187,0,6.04347956838,0.03094320
09/04/2018,6736.89282378726,-3.89591201583,-4.21378993879,0,-2.17203675655,0.07953085
10/04/2018,6816.71861542957,1.18490517410,-8.14038726412,0,-2.75716970479,0.0329493332289397
11/04/2018,6944.78585710111,1.87872272418,2.42225793909,0,3.08588898104,0.02334616
12/04/2018,7904.33027527762,13.81676034251,16.26712137576,0,15.95506168300,0.18336846
13/04/2018,7919.06469462303,0.18640945953,19.79538399841,0,14.02892555032,0.05924303
14/04/2018,8006.41794330801,1.10307532586,16.26302818773,0,1.29154102214,0.0436422871946935
15/04/2018,8342.27110140269,4.19479922823,19.00536002090,0,5.34414634934,0.05059509
16/04/2018,8046.98213354763,-3.53967120303,19.44649178824,0,0.50664592489,0.0602056818293603
17/04/2018,7887.73795791935,-1.97893039882,15.71165545935,0,-5.44855397239,0.04091846
18/04/2018,8162.83486177674,3.48765267463,17.53904338793,0,1.43970405683,0.0433923446955576
19/04/2018,8272.96731589714,1.34919370519,4.66373529169,0,4.88390157017,0.02367257
20/04/2018,8839.5011320865,6.84801226158264,11.6230448033647,0,8.28959891713986,0.08534084
21/04/2018,8863.54082904734,0.271957620703032,10.70544770219,0,7.13859357350,0.04621003
22/04/2018,8800.95908708358,-0.70605803223,5.49835866163,0,-0.436020590155436,0.02911944
23/04/2018,8930.78463354763,1.47512953054,10.98303047444,0,0.75865622777,0.02501587
24/04/2018,9652.21378872005,8.07800417068,22.36985863646,0,9.67229472622,0.08968268
25/04/2018,8855.50893658679,-8.25411526902,8.48570486282,0,-0.84287887402,0.105287966005207
26/04/2018,9264.72742694331,4.62106123191,11.98796118946,0,-4.01448175785,0.07286982
27/04/2018,8981.33079018118,-3.05887722005,1.60449844369444,1,1.42083142251,0.05024997
28/04/2018,9341.82468468732,4.01381379806,5.39608114708,0,0.83215894209,0.06175374
29/04/2018,9396.99762974869,0.59060137525,6.77242714990,0,4.62812081281,0.0373023175848083
30/04/2018,9228.7264836353,-1.79069052418065,3.33612176659686,0,-1.21066499179122,0.03412262
01/05/2018,9072.16875745178,-1.69641744677485,-6.00945072255,0,-3.45673038449,0.04412786
02/05/2018,9204.12764056108,1.45454616903,3.93674385595,0,-0.266546452729307,0.0305431749772301
03/05/2018,9750.70014640561,5.93834122243,5.24540763119,0,7.47926330621,0.06828574
04/05/2018,9696.64290999416,-0.55439338304,7.96443351797,0,5.35102606859,0.02419808
05/05/2018,9795.92577206312,1.02388902005,4.86094636437,0,0.46381926404,0.02899713
06/05/2018,9595.08681940386,-2.05022942530,2.10800510397,0,-1.04733247922,0.05042483
07/05/2018,9339.5108471654,-2.66361292032935,1.2004295904,0,-4.65923216975943,0.04674861
08/05/2018,9212.36963471654,-1.36132624641095,1.54539538464,0,-3.98867870495,0.04368723
09/05/2018,9293.04227352425,0.87569910899,0.96602998606,0,-0.497548259235156,0.04201041
10/05/2018,9037.53050905903,-2.74949534226,-7.31403516300,0,-1.89787353949,0.04080640
11/05/2018,8419.75858737581,-6.83562750979,-13.16831334794,0,-9.39717759206,0.07376393
12/05/2018,8485.77526680304,0.78406855425,-13.37444296481,0,-6.10515496134,0.05021331
13/05/2018,8695.83309380479,2.47541114863,-9.37202281256,0,3.27888862328,0.0493916941814433
14/05/2018,8671.07417475161,-0.28472164525,-7.15708438431403,0,2.18364147202,0.06750173
15/05/2018,8488.463421391,-2.10597614182952,-7.85798054170038,0,-2.38470161716337,0.04723072
16/05/2018,8327.75620134424,-1.89324277043801,-10.38719123155,0,-3.95934767122,0.04434318
17/05/2018,8050.51623933372,-3.32910756880,-10.92128285195,0,-5.15932225087581,0.0564550282920172
18/05/2018,8233.08645528931,2.26780756076,-2.21707226103,0,-1.13679776120,0.04257892
19/05/2018,8229.48293571011,-0.04376875670,-3.02025829149,0,2.22304621289,0.0289766907697266
20/05/2018,8511.44883021625,3.42628931500,-2.12037491520,0,3.38102091407,0.04995310
21/05/2018,8398.62312653419,-1.32557577367,-3.14206801518,0,2.05529548023,0.03005361
22/05/2018,8007.52653214495,-4.65667512992,-5.66577088656688,0,-5.92052314622,0.053298904516876
23/05/2018,7520.86767913501,-6.07751783346,-9.68914678457,0,-10.45118270191,0.07274585
24/05/2018,7575.62448597312,0.72806502088,-5.89889814818,0,-5.39370109406,0.06066610
25/05/2018,7425.37567445938,-1.98331915464,-9.81054656982,1,-1.26969398678,0.0403554705713899
26/05/2018,7326.30318644068,-1.33424209578,-10.97492705587,0,-3.29109897137,0.04366676
27/05/2018,7338.19304441847,0.16229000732,-13.78444268657,0,-1.17411743006,0.0223389893044326
28/05/2018,7110.82388164816,-3.09843528773,-15.33345675218,0,-2.94117373127,0.04906184
29/05/2018,7453.63372501461,4.82095814876,-6.91715231797,0,1.57314859254,0.06599435
30/05/2018,7374.6690490941,-1.05941180951114,-1.94390642513903,0,3.71047253929154,0.0367209558375178
31/05/2018,7478.74186703682,1.41122018154163,-1.27887303701,0,0.33685773877,0.0346388928495564
01/06/2018,7519.83573728814,0.54947571372,1.27212503407,0,1.96845020742825,0.03304310
02/06/2018,7637.44825306838,1.56403038429,4.24695864626,0,2.12210006513,0.03173061
03/06/2018,7702.15793308007,0.84726832664,4.95987072646,0,2.42455024500,0.02356444
04/06/2018,7486.65319959088,-2.79797863614,5.28531326606,0,-1.97441669627,0.03879181
05/06/2018,7611.14985271771,1.66291465369,2.11327969034,0,-1.18159197920,0.03798823
06/06/2018,7650.77580713033,0.52063032760,3.7439884583044,0,2.19220261930,0.0258763525802795
07/06/2018,7665.9478962595,0.198307851538794,2.50317543446454,0,0.71997062995972,0.01470758
08/06/2018,7622.60233021625,-0.565429958953933,1.36660688502,0,-0.36824339942,0.0192203192833814
09/06/2018,7556.17169783752,-0.87149544868,-1.06418469282,0,-1.43199771127513,0.02675402
10/06/2018,6744.73580099357,-10.73871702884,-12.43056998318,0,-11.51662504736,0.113502622449945
11/06/2018,6849.45268731736,1.55257210087,-8.51115305178,0,-9.35287125255,0.03803829
12/06/2018,6526.69968001169,-4.71209922952,-14.24817791912,0,-3.23268586665,0.06173903
13/06/2018,6306.51316803039,-3.37362714353,-17.57027879247,0,-7.92675771441,0.07177513
14/06/2018,6629.77012419638,5.12576359635,-13.5166294642925,0,1.57921230083,0.0683852251472981
15/06/2018,6399.67404646406,-3.47064941049,-16.04344855961,0,1.47721690182,0.0422656114347145
16/06/2018,6495.31530917592,1.49447084363,-14.03960141569,0,-2.02804641038,0.03366218
17/06/2018,6450.69397282291,-0.68697721710,-4.35957518347,0,0.79722695232,0.02138540
18/06/2018,6703.81258971362,3.92389745905,-2.12630270260,0,3.20996396038,0.06274588
19/06/2018,6732.50880917592,0.42805819939,3.15334149347,0,4.36875222325,0.02305576
20/06/2018,6753.20682583285,0.30743393352,7.08305280431,0,0.73680812908,0.03689426
21/06/2018,6720.37323436587,-0.48619259433,1.36661013085,0,-0.18025338182,0.0144937826907564
22/06/2018,6059.5758591467,-9.83274815511824,-5.31430483565441,0,-10.2711346560988,0.11719768
23/06/2018,6174.22577936879,1.89204529965625,-4.94340173684,0,-8.12674290476,0.03552551
24/06/2018,6146.48719491526,-0.44926417408,-4.71587675976,0,1.43428084388729,0.07588173
25/06/2018,6243.53544097019,1.57892212214,-6.86590119553,0,1.12256441663,0.03762859
26/06/2018,6096.12876621859,-2.36094879488,-9.45234623518,0,-0.81930421556,0.03465913
27/06/2018,6139.18968322618,0.70636495158,-9.09223067562,0,-1.67126075812,0.02881317
28/06/2018,5858.63577819988,-4.56988494415,-12.82276186327,0,-3.89580005814,0.05417134
29/06/2018,6220.9137150789,6.18365692277825,2.6625272079,1,1.33118597192087,0.08531836
30/06/2018,6375.5412314436,2.4856077973,3.26057807518971,0,8.82296617869875,0.05025389
01/07/2018,6361.40253886616,-0.221764585376834,3.49655562821,0,2.25833101408767,0.02555933
02/07/2018,6608.367157218,3.88223535364983,5.84335141038486,0,3.65186134513762,0.06229203
03/07/2018,6498.3078591467,-1.66545374149025,6.59728671016214,0,2.15212477820876,0.0296977433638685
04/07/2018,6579.33337638808,1.24687101623436,7.16941022957,0,-0.439348785247318,0.056509359692868
05/07/2018,6535.29840268849,-0.66929233070,11.54983259083,0,0.569233473445305,0.0332574286828504
06/07/2018,6598.45909585038,0.96645461722,6.06896989836631,0,0.29069387988,0.02659964
07/07/2018,6737.85608036236,2.11256874502,5.68288770735033,0,3.09944038042,0.0463375828093244
08/07/2018,6704.91998012858,-0.48882166435,5.40002678912,0,1.61342038697,0.01465473
09/07/2018,6664.02409351257,-0.60993847409,0.84221918925583,0,-1.09577862705,0.024836102349644
10/07/2018,6309.08400409118,-5.32621257728,-2.91189428320448,0,-5.90366443165,0.06013317
11/07/2018,6377.97651139684,1.09195736276,-3.06044478174,0,-4.29241518491,0.01655952
12/07/2018,6159.46667621274,-3.42600564291,-5.75079672446,0,-2.37145880101,0.04644837
13/07/2018,6208.98557188779,0.80394778117,-5.90249205618,0,-2.64960115810,0.03081060
14/07/2018,6255.11247866744,0.74290568476,-7.16464697282,0,1.55282603970,0.02089259
15/07/2018,6347.60427381648,1.47865918422,-5.32915690823,0,2.23254991212,0.02431421
16/07/2018,6710.80743746347,5.72189361497,0.70202843349,0,7.28516010464,0.065106900124475
17/07/2018,7320.59482787843,9.08664711508,16.03260985480,0,15.32846901114,0.11780057
18/07/2018,7376.03833927528,0.75736347524,15.64856543600,0,9.91282953670,0.04370217
19/07/2018,7467.0342980713,1.23366981854599,21.2285850479273,0,2.00037665839935,0.03570802
20/07/2018,7327.25668293396,-1.87192946433156,18.01052842044,0,-0.66135307461,0.05276154
21/07/2018,7410.56562039743,1.13697310014,18.47214012011,0,-0.756239698650582,0.03106724
22/07/2018,7399.48374693162,-0.14954153345,16.57128308162,0,0.98573131969,0.02976565
23/07/2018,7716.15862741087,4.27968884465,14.98107641019,0,4.12374739888,0.05685415
24/07/2018,8397.61652162478,8.83156927066,14.71221559271,0,13.48922180020,0.100975119414583
25/07/2018,8202.72039538282,-2.32085051443,11.20767027072,0,6.30575123538,0.05046241
26/07/2018,7913.93077819989,-3.52065660248,5.98492604010164,0,-5.75979794004,0.05469975
27/07/2018,8173.7746113384,3.28337257958193,11.5529995062965,1,-0.352880296404021,0.05942095
28/07/2018,8190.36005669199,0.202910480680287,10.52273842834,0,3.49294536735,0.02012327
29/07/2018,8229.60583869083,0.47917041164,11.21864876186,0,0.683053179310605,0.01951956
30/07/2018,8171.83951928697,-0.70193300306,5.90554074740,0,-0.22612604668,0.050440920738716
31/07/2018,7725.13303594389,-5.46641282283,-8.00802803926,0,-6.12997527020,0.06320505
01/08/2018,7596.6980119813,-1.66256067520133,-7.38806583901897,0,-7.03809106809104,0.04059524
02/08/2018,7542.69466189363,-0.710879253097825,-4.69091942690,0,-2.36162112939,0.0313483490970537
03/08/2018,7411.34425014611,-1.74142554664,-9.32776345624543,0,-2.43992536682194,0.03249459
04/08/2018,7002.2086528346,-5.5203966177046,-14.5067053906452,0,-7.1656885673712,0.07414774
05/08/2018,7031.58775102279,0.419569019502109,-14.55741758658,0,-5.12398947216,0.0271981750076502
06/08/2018,6929.99089421391,-1.44486366958,-15.19668395521,0,-1.03135685040541,0.04383796
07/08/2018,6722.57843278784,-2.99296874400,-12.97782961784,0,-4.39458809555,0.0675121883662558
08/08/2018,6267.3886735827,-6.77105910709879,-17.4985149640,0,-9.56137216838827,0.08707150
09/08/2018,6558.09690794857,4.63842677559184,-13.05366050305,0,-2.44670295012,0.0680026593406461
10/08/2018,6135.75185856224,-6.44005502380,-17.21134990537,0,-2.10034548479999,0.08505774
11/08/2018,6313.74931180596,2.90098845825,-9.83203122274771,0,-3.72589181850,0.07631198
12/08/2018,6314.69165575687,0.01492526713,-10.19536583557,0,2.91634670566,0.04632187
13/08/2018,6265.84804383402,-0.77349163800,-9.58360350710,0,-0.75868181656,0.0604427243540951
14/08/2018,6184.82908562244,-1.29302462563,-7.99915319013,0,-2.05651482628,0.0577941764454343
15/08/2018,6270.21479865576,1.38056705935,0.0450925452409268,0,0.06969136167,0.07007677953069
16/08/2018,6290.7504552893,0.327511214415534,-4.07658588172492,0,1.71259978570936,0.04102253
17/08/2018,6563.07828872005,4.32901981037533,6.96453246494,0,4.67070905014,0.04596370
18/08/2018,6399.28744681473,-2.49564053177,1.35479143666,0,1.72534250558566,0.0456676511122953
19/08/2018,6490.71612711865,1.42873219970,2.78753866313,0,-1.10256435194,0.03543162
20/08/2018,6272.95272881356,-3.35499803165,0.11338744460,0,-1.97419976913,0.04427500
21/08/2018,6473.07603945061,3.19025695376,4.66054841351,0,-0.27177413590,0.03945344
22/08/2018,6365.00983167738,-1.66947224341,1.51183071180,0,1.46752425602,0.0956474803414141
23/08/2018,6516.40902542373,2.37861680893,3.58714865163178,0,0.66943421812,0.0337261640416663
24/08/2018,6697.73187872589,2.78255788725,2.05168343393,0,5.22736108580,0.03957551
25/08/2018,6745.43893921683,0.71228680626,5.40921931198,0,3.51466448622,0.02496038
26/08/2018,6689.86933313852,-0.82381008232,3.06827786210,0,-0.11739116659,0.0296892832373598
27/08/2018,6839.15895236704,2.23157750614,9.02615160724,0,1.38938346333,0.04003580
28/08/2018,7092.97380829924,3.71119983758,9.57655626275,0,6.02559564451,0.0370507986821838
29/08/2018,7033.42806808884,-0.83950317342,10.50144860869,0,2.84054102376,0.02857242
30/08/2018,6966.96374371713,-0.94497766563,6.91415650147,0,-1.77654772156,0.03604554
31/08/2018,7025.14078024547,0.83504147098,4.88835485576,1,-0.11782715005,0.02798154
01/09/2018,7192.35254734074,2.38019097874,6.62541922255,0,3.23510803148,0.03564478
02/09/2018,7286.66779105786,1.31132676126,8.92092846961,0,3.72272982127,0.02943577
03/09/2018,7257.47021391,-0.400698618148765,6.11641379380694,0,0.905373674894958,0.01889856
04/09/2018,7358.81147895967,1.39637176678224,3.74790148456,0,0.99007790626,0.0230455436029461
05/09/2018,6790.89732846289,-7.71747111773,-3.44825790892,0,-6.42886393874349,0.09632285
06/09/2018,6488.07593687902,-4.45922500278,-6.87369454549,0,-11.83255671884,0.06394174
07/09/2018,6408.65362244301,-1.22412738705,-8.77544204575,0,-5.62876579532,0.03116777
08/09/2018,6187.79050233781,-3.44632637551,-13.96708571209,0,-4.62826633755,0.05322353
09/09/2018,6249.24631034483,0.99317855030,-14.23725508642,0,-2.48737599954,0.04701271
10/09/2018,6295.3886025716,0.738365715404549,-13.2564321034957,0,1.7388775556176,0.01833759
11/09/2018,6278.42463968439,-0.269466492986317,-14.68153984328,0,0.46690957422,0.03493904
12/09/2018,6327.53636323787,0.78223003973,-6.82326565715,0,0.510655698889469,0.022502426195511
13/09/2018,6490.91231648159,2.58198363257,0.04371680649,0,3.38441072390,0.03084993
14/09/2018,6494.69547895967,0.05828398681,1.34258865568,0,2.64177250238,0.0291110139956958
15/09/2018,6524.16566744594,0.45375781793,5.43611108005,0,0.51230627288,0.01422650
16/09/2018,6497.40470134424,-0.41018219748,3.97101312183,0,0.04171438666,0.01950277
17/09/2018,6258.59487492694,-3.67546485704,-0.584455225363374,0,-4.07057095199,0.0494215072890525
18/09/2018,6340.34779018118,1.30625031478,0.98628484135,0,-2.41722531353,0.0244606294732857
19/09/2018,6383.95187580362,0.68772387676,0.89158733079,0,2.00295758684,0.06282875
20/09/2018,6498.60711104617,1.79599153429,0.11854719629,0,2.49606687365,0.029449412013197
21/09/2018,6741.14289888954,3.73211957115,3.79459546222,0,5.59513965698,0.04368703
22/09/2018,6705.47605113969,-0.52909199945,2.77905854841,0,3.18328122563,0.02812859
23/09/2018,6703.13684950321,-0.03488494506,3.16637423118,0,-0.56379237106,0.01523089
24/09/2018,6576.5450032145,-1.88854634973016,5.08021584143951,0,-1.92277247643404,0.02375764
25/09/2018,6416.44402162478,-2.43442387319581,1.20019017823,0,-4.27699499973,0.03762221
26/09/2018,6463.25040356517,0.72947541945,1.24215422209,0,-1.722706977508,0.02479315
27/09/2018,6677.90048860316,3.32108570201,2.75895087198,0,4.07478762531,0.04493752
28/09/2018,6623.12615984804,-0.82023277898,-1.75069332918,1,2.47361228949,0.03874341
29/09/2018,6584.49914757452,-0.58321420038,-1.80415085585,0,-1.39866326532,0.02399360
30/09/2018,6604.485028346,0.303529248368755,-1.47172619882468,0,-0.281455177693123,0.0165224239748406
01/10/2018,6561.81383226184,-0.64609422083657,-0.223995592601581,0,-0.34452605740,0.02238447
02/10/2018,6508.72093863238,-0.80911917020,1.43813172369,0,-1.44998571883511,0.02054529
03/10/2018,6464.45684365868,-0.68007363338,0.01866615121,0,-1.48369019743,0.01655531
04/10/2018,6545.28566773816,1.25035754796,-1.98587596643,0,0.56178056258,0.02111482
05/10/2018,6585.14957977791,0.60904770339,-0.57339357810,0,1.86702052528,0.01940649
06/10/2018,6550.47831589714,-0.52650685396,-0.51668062999,0,0.07933417153,0.0104343795189644
07/10/2018,6564.56826008182,0.21509794408,-0.604388806891982,0,-0.31254141530,0.01437687
08/10/2018,6604.68527410871,0.61111427953,0.65334742714,0,0.82752671786,0.01785610
09/10/2018,6590.42862215079,-0.21585664367,1.25535699393,0,0.39393850508,0.00964824
10/10/2018,6529.10243600234,-0.93053410733,1.00001583903,0,-1.14438213131,0.0213775982830895
11/10/2018,6159.25164260666,-5.66464988137,-5.89789422079,0,-6.54247248950,0.06448602
12/10/2018,6191.67722326125,0.52645325335,-5.97514683227,0,-5.16801836161,0.01991215546248
13/10/2018,6197.68569637639,0.09704112308,-5.38575356649,0,0.62400525258,0.00602685
14/10/2018,6182.87934424313,-0.23890130701,-5.81437957100,0,-0.14209201644,0.02000002
15/10/2018,6442.71541408533,4.20250914461,-2.45234789095,0,3.95356798833,0.109887374886465
16/10/2018,6461.93715926359,0.29834850591,-1.94966777207,0,4.51339577377,0.0198960407554021
17/10/2018,6442.73070017534,-0.29722447952,-1.32287303919,0,0.00023726161,0.01052903
18/10/2018,6396.47981209819,-0.71787709637,3.85157456225,0,-1.01296786942,0.02251181
19/10/2018,6383.07784015196,-0.20952105439,3.09125637512,0,-0.92589404710,0.00862686756020265
20/10/2018,6408.25274634717,0.39440073936,3.39751094661,0,0.18405333238,0.00858643
21/10/2018,6415.34050292227,0.11060357410,3.75975570178,0,0.50544053477,0.00883738844142786
22/10/2018,6408.03363559322,-0.11389679668,-0.53830995571,0,-0.00341919651,0.00812102
23/10/2018,6395.98766686149,-0.18798229561,-1.02058393291,0,-0.30166498648,0.00821738
24/10/2018,6413.80364114553,0.27854922823,-0.44898755475,0,0.09004330939,0.01036845
25/10/2018,6402.3248591467,-0.178969962927955,0.0913791213325614,0,0.0990807458564044,0.00889021
26/10/2018,6404.10855230859,0.0278600852211009,0.32947604092,1,-0.15115973889,0.0111311675058101
27/10/2018,6409.40532758621,0.08270901772,0.01798588921,0,0.110592145748344,0.00607116
28/10/2018,6406.63325306838,-0.04325010475,-0.13572545136,0,0.03942314124,0.00527083
29/10/2018,6263.0417346581,-2.24129449491289,-2.26265823777464,0,-2.28357523744298,0.03088061
30/10/2018,6272.16772822911,0.145711843504236,-1.93590020934,0,-2.09884848294,0.00749792
31/10/2018,6306.31693132671,0.54445615260,-1.67586530291,0,0.690961333199106,0.0242340598958195
01/11/2018,6342.97750058445,0.58133090450,-0.926965748660242,0,1.12895214898,0.0107314694230101
02/11/2018,6348.16858270018,0.08183983177,-0.87350127112,0,0.66364649651,0.00736849781487593
03/11/2018,6332.43413296318,-0.24785809532,-1.20091007963,0,-0.16622111020,0.00737535
04/11/2018,6420.42200029223,1.38947939262,0.21522610518,0,1.13817736014,0.02310941
05/11/2018,6402.94683898305,-0.27218088326,2.23382040631711,0,1.11351661208,0.01029976
06/11/2018,6441.14521887785,0.59657499672,2.69408437354,0,0.32277035037,0.01017417
07/11/2018,6500.86980508475,0.92723551756,3.08504751468,0,1.52934216954,0.01375675
08/11/2018,6406.75293746347,-1.44775807612,1.00544952072,0,-0.53394668565,0.01682773
09/11/2018,6331.37876709527,-1.17648005322,-0.26448282503,0,-2.60720554436,0.015614831978123
10/11/2018,6353.11273407364,0.34327383936,0.32655059139,0,-0.83724476210,0.00678559566727934
11/11/2018,6335.41420397428,-0.27858045088,-1.32402194613,0,0.06373709467,0.01401844
12/11/2018,6320.65605376972,-0.23294688760,-1.28520175605,0,-0.51087839399,0.01195374
13/11/2018,6267.9379912332,-0.834059978711834,-2.68907502872332,0,-1.0650639495481,0.01003453
14/11/2018,5574.25834891876,-11.0671107991922,-14.25365349482,0,-11.80886443593,0.14762376
15/11/2018,5538.56060783168,-0.64040341966,-13.55120664253,0,-11.6366400628354,0.0790149663269687
16/11/2018,5496.01623115137,-0.76814861645,-13.19400665595,0,-1.40363278610,0.0340058614090215
17/11/2018,5501.09234044418,0.09235979443,-13.41106996354,0,-0.67649828251,0.01527386
18/11/2018,5555.3763383986,0.98678579807364,-12.3123420262933,0,1.08005698583599,0.02518458
19/11/2018,4792.20002367037,-13.7376168281018,-24.18192062812,0,-12.88639188188,0.15605708
20/11/2018,4317.53067007598,-9.90504050853,-31.1172083049514,0,-22.2819408249027,0.16944267
21/11/2018,4549.32200993571,5.36860899371,-18.38695436823,0,-5.06819441040,0.08545010
22/11/2018,4303.61554850964,-5.40094679799,-22.29722028456,0,-0.32229351983,0.07693989
23/11/2018,4289.89285330216,-0.31886433750,-21.94541149666,0,-5.70258944227,0.06040575
24/11/2018,3806.31692489772,-11.27244770303,-30.80797977315,0,-11.55536822484,0.164175778261403
25/11/2018,3946.85087434249,3.69212422974,-28.9543923953095,0,-7.99651624622,0.162099578076569
26/11/2018,3700.28599269433,-6.24712940768,-22.78523487297,0,-2.78565695646,0.13360958
27/11/2018,3776.55590531853,2.06118966952,-12.52972604241,0,-4.31470492415,0.06822451
28/11/2018,4208.47526914085,11.43685873190,-7.49225357208,0,13.73378375212,0.15147829
29/11/2018,4239.03948831093,0.72625398073,-1.50050717753,0,12.24617335443,0.07305413
30/11/2018,3973.33405230859,-6.26805758085,-7.37917733190,1,-5.58732561782,0.09838242
01/12/2018,4148.07372559906,4.39780977361,8.97867433124,0,-2.14590505615,0.08876030
02/12/2018,4098.74676388077,-1.18915344763,3.84853378996,0,3.15635961943,0.05523542
03/12/2018,3843.9766659848,-6.21580479528696,3.88323155491673,0,-7.33104278589799,0.08579152
04/12/2018,3892.95164699006,1.27407071532556,3.08206060203,0,-5.02092782858,0.0770502334913058
05/12/2018,3709.52085827002,-4.71186917674,-11.85594256736,0,-3.49783100674294,0.0605905652841878
06/12/2018,3511.96898158971,-5.32553621420,-17.15177480007,0,-9.78647309157,0.10956999
07/12/2018,3372.99569257744,-3.95713315638,-15.10918417198,0,-9.07193081129,0.09150572
08/12/2018,3407.95119462303,1.03633402564,-17.84255970207,0,-2.96180824808,0.06951828
09/12/2018,3540.43957597896,3.88762554948,-13.62141210630,0,4.96424836148,0.0793814076833207
10/12/2018,3413.59258416131,-3.58280346537,-11.1963239951986,0,0.16553610120,0.06453413
11/12/2018,3352.56420017534,-1.78780514901,-13.88117541179,0,-5.30655506955,0.0394012528672963
12/12/2018,3423.01291788428,2.10133836379,-7.72358348510,0,0.27596537931,0.04867487
13/12/2018,3260.34158240795,-4.75228517621,-7.16485255140,0,-2.75080840398,0.06066664
14/12/2018,3198.94747369959,-1.88305756181,-5.16004865529,0,-6.54585447265,0.04534794
15/12/2018,3185.07404383402,-0.43368732934,-6.53991615668,0,-2.30857830910,0.03099892
16/12/2018,3195.41455523086,0.32465529073,-9.74525940476,0,-0.11044002747,0.0259455639018983
17/12/2018,3499.15648188194,9.50555620878,2.50656443647,0,9.86107179065,0.12470760
18/12/2018,3659.52737931035,4.58313019891,9.15607161584,0,14.52433842488,0.06828463
19/12/2018,3697.72530333139,1.04379391276,8.02545570342,0,5.67476254571,0.07510331
20/12/2018,4067.73770777323,10.00648707216,24.76415752637,0,11.15472808786,0.136967662552777
21/12/2018,3839.08510841613,-5.62112446238,20.01088295383,0,3.82288551714,0.0927253307432343
22/12/2018,3964.94611630625,3.27841150524,24.48521013136,0,-2.52699654824,0.05450108
23/12/2018,3942.66699590883,-0.56190222374,23.38514855466,0,2.69808781435,0.03697878
24/12/2018,4040.04578959673,2.46987112503,15.45770560749,0,1.89409064052,0.07391341
25/12/2018,3761.58401081239,-6.89254016629,2.78879267522,0,-4.59290590061,0.08824698
26/12/2018,3807.65745353594,1.22484151866,2.97296692390,0,-5.75212134128,0.0464812668295861
27/12/2018,3585.46053594389,-5.83552801962,-11.85615215327,0,-4.68216247098,0.07099827
28/12/2018,3881.05488486265,8.24425052111,1.09322339207,1,1.92762695233,0.103720285506062
29/12/2018,3823.13832612507,-1.49228909293,-3.57653763813,0,6.62893337686,0.05626883
30/12/2018,3825.4074628872,0.0593527246091008,-2.97411709239726,0,-1.43382208256041,0.04271655
31/12/2018,3687.19994009351,-3.61288370283512,-8.73370916765,0,-3.55567532314,0.05071823
01/01/2019,3808.11783167738,3.27939611490,1.23708046215,0,-0.451968355725713,0.0488438507934282
02/01/2019,3898.1974880187,2.36546399882911,2.37784085327006,0,5.72243304820185,0.03702481
03/01/2019,3784.38863471654,-2.91952507926951,5.54818821121,0,-0.62312139513,0.04058334
04/01/2019,3827.52459438925,1.13983958405,-1.37927166869,0,-1.8129633977413,0.02989174
05/01/2019,3798.61395499708,-0.75533516975,-0.64147224181,0,0.37589480504,0.0225344994549374
06/01/2019,4045.99377498539,6.51237064148,5.76634814038095,0,5.70784524589,0.08339279
07/01/2019,4001.01827819988,-1.11160568421,8.51102037332,0,5.32837307504,0.02835733
08/01/2019,3992.6227893045,-0.20983380508717,4.84504329389015,0,-1.31910696479217,0.0374234125966169
09/01/2019,4004.25903565167,0.291443669017303,2.72078436146335,0,0.08099831659,0.01917432
10/01/2019,3627.90345002922,-9.39888209708,-4.13501888394,0,-9.13483087488996,0.112220965357354
11/01/2019,3624.16142109877,-0.10314576951,-5.31317744081,0,-9.49233331732,0.02995109
12/01/2019,3617.02207831677,-0.19699295789,-4.78047726965,0,-0.29993553749,0.0207217565689316
13/01/2019,3508.6701081239,-2.9956126295832,-13.2803878785857,0,-3.18670444154376,0.0408858205566867
14/01/2019,3666.94519374635,4.5109708449359,-8.34970153158,0,1.38022700300,0.05595429
15/01/2019,3581.29301548802,-2.33579106676,-10.3022448030492,0,2.06981292416094,0.03570005
16/01/2019,3606.98657568673,0.71743808975,-9.92124776214,0,-1.63511083181,0.02460346
17/01/2019,3640.12913062536,0.91884331264,0.33699024146,0,1.64287353430,0.02891926
18/01/2019,3609.42673611923,-0.84344245504,-0.40656812066,0,0.06765094300,0.01741677
19/01/2019,3687.30196113384,2.15755106581,1.94303162368,0,1.29591090908,0.04213477
20/01/2019,3538.31372296903,-4.04057600205,0.844867540453399,0,-1.97020242684,0.0603652055471122
21/01/2019,3535.623393045,-0.0760342393204331,-3.58123161822292,0,-4.11353802014628,0.019348036737677
22/01/2019,3577.30834979544,1.17899878229224,-0.11126332516,0,1.10206810022,0.04899647
23/01/2019,3551.89382115722,-0.71043718218,-1.52739006296,0,0.460185554384155,0.0242618966286253
24/01/2019,3567.58893366452,0.44188011516,-1.99279185869,0,-0.27169634766,0.017676940662355
25/01/2019,3561.35049795441,-0.17486419613,-1.33196326396,1,0.26624322892,0.01814234
26/01/2019,3557.03991525424,-0.12103786759,-3.53271978408,0,-0.29569041183,0.03049678
27/01/2019,3537.61413062536,-0.54612219969,-0.01977191392,0,-0.66649905261,0.02415495
28/01/2019,3435.05251402689,-2.89917477745,-2.84450202518586,0,-3.42946394006,0.04445589
29/01/2019,3395.82376329632,-1.14201312994,-5.07321619366,0,-4.00807895077,0.02687187
30/01/2019,3437.89586616014,1.23893658200,-3.20949782671,0,0.08277463362,0.0255633967577078
31/01/2019,3410.13161601403,-0.80759427356,-4.41354989541,0,0.42133672755,0.02154286
01/02/2019,3445.04989129164,1.02395682072,-3.26563214515,0,0.20809313051,0.02345929
02/02/2019,3461.93511747516,0.49013009147,-2.67370622891,0,1.51910563269,0.02032197
03/02/2019,3413.02161630625,-1.41289479754,-3.52193624625,0,-0.92968972863,0.02360753
04/02/2019,3411.38796171829,-0.04786534548,-0.68891384373,0,-1.46008385604,0.01193760
05/02/2019,3426.46501139684,0.44196232876,0.90232150537,0,0.39388543648,0.00891076
06/02/2019,3367.50636499123,-1.72068432654,-2.04745879192,0,-1.28632677431,0.0297569022892822
07/02/2019,3358.87359906487,-0.25635485106,-1.50310963684,0,-1.97262811986,0.00933074
08/02/2019,3612.47961922852,7.55032937930,4.86000880162,0,7.27461889260,0.10850180
09/02/2019,3621.26812098188,0.24328169788,4.60242604497,0,7.81197964669,0.01157706
10/02/2019,3642.0223591467,0.573120726536886,6.7096188827625,0,0.817796722254979,0.02005017
11/02/2019,3590.6184836353,-1.4114102123,5.25388856173172,0,-0.846378570230519,0.01974146
12/02/2019,3587.90246580947,-0.0756420610601933,4.71148702455,0,-1.48598465358982,0.01819211
13/02/2019,3576.08537258913,-0.32935937732,6.19387122074,0,-0.404752304161706,0.01758768
14/02/2019,3561.91638340152,-0.39621507071,6.04496651476,0,-0.72426947654,0.011848444540042
15/02/2019,3565.00692372881,0.08676622342,-1.31413047279,0,-0.30979262814,0.01807491
16/02/2019,3584.73600263004,0.55340927306,-1.00882114031,0,0.64065566881,0.01240092
17/02/2019,3622.7574289889,1.06064787842018,-0.5289624351,0,1.61992687519625,0.028524459407777
18/02/2019,3866.12921712449,6.71786043934811,7.67307177704524,0,7.84976116199,0.07972394
19/02/2019,3895.43521098773,0.75801899568,8.57137974370,0,7.52680209325893,0.03329898
20/02/2019,3931.61382904734,0.92874392976,9.94183358103,0,1.69380298084,0.02390230
21/02/2019,3892.26179427236,-1.00091302163,9.27437298669,0,-0.08146501080,0.03007417
22/02/2019,3948.30051052016,1.43974684155,10.75155238101,1,0.42442320631,0.0184376807860498
23/02/2019,4110.15112127411,4.09924751986,14.65701011898,0,5.59801314810,0.06095851
24/02/2019,3754.18378988895,-8.66068718356,3.62779908608815,0,-4.91646266828,0.11246967
25/02/2019,3822.01869666861,1.80691491350,-1.14094790884,0,-7.01026351839,0.0333727501004281
26/02/2019,3796.17506838106,-0.67617744283,-2.54811432434,0,1.11851951961,0.01580866
27/02/2019,3799.3819924021,0.0844777694198293,-3.36329666124104,0,-0.592270893029405,0.04233253
28/02/2019,3792.94772296902,-0.169350421883008,-2.55157737461,0,-0.08501571592,0.02952009
01/03/2019,3810.63269257744,0.46625925006,-3.48676139458,0,0.296119216173547,0.01313660
02/03/2019,3809.64339099942,-0.02596160947,-7.31135477524,0,0.44017659219,0.01564216
03/03/2019,3782.38187025132,-0.71559245709,0.75111081238,0,-0.74136828724,0.01415136
04/03/2019,3698.16185505552,-2.22663967005,-3.24061317965,0,-2.92629846162,0.03504629
05/03/2019,3840.1280490941,3.83883127896382,1.15782280641194,0,1.52671466878999,0.04723903
06/03/2019,3851.99842548218,0.309114077351672,1.38486820186285,0,4.15981172420,0.01851057
07/03/2019,3855.92316832262,0.10188848506,1.66032990574,0,0.41131751406691,0.01468281
08/03/2019,3839.23355289304,-0.43283060116,0.75055411064,0,-0.33138312063,0.03503011
09/03/2019,3910.36116656926,1.85265138722,2.64375862076,0,1.41180194393,0.02869946
10/03/2019,3903.9119509059,-0.164926342827258,3.21305687324757,0,1.68466953421268,0.01226924
11/03/2019,3851.56892168323,-1.34078406175436,4.14819774364,0,-1.50349909846,0.02264966
12/03/2019,3858.91482378726,0.19072492933,0.489222610626015,0,-1.15261634187724,0.01971230
13/03/2019,3851.95746639392,-0.18029310599,-0.00106332048,0,0.01008795944,0.01063354
14/03/2019,3853.78326504968,0.04739924238,-0.05549652261,0,-0.13297932118,0.0284913105987448
15/03/2019,3901.91420689655,1.24892705522,1.63263456468,0,1.29691827956,0.01476424
16/03/2019,3989.79607685564,2.25227581385,2.03139574333,0,3.52933215107,0.03476484
17/03/2019,3967.14349444769,-0.56776291248,1.61969696901379,0,1.67172531461,0.01350244
18/03/2019,3969.44014582116,0.05789181502,3.06034311042,0,-0.51019978571,0.02077328
19/03/2019,3996.16790356517,0.67333822308,3.55677919947,0,0.73161984582,0.01460868
20/03/2019,4030.65527586207,0.86301109286,4.63914285210,0,1.54216029949,0.01852225
21/03/2019,3976.27385008767,-1.34919565313,3.17845028154,0,-0.49782826842,0.03162359
22/03/2019,3983.88764582116,0.19148066810,2.10085190442,0,-1.16029843388,0.00866664
23/03/2019,3981.77603302163,-0.05300382408,-0.20101387839,0,0.13837535194,0.00955668
24/03/2019,3970.6669880187,-0.278997234168888,0.0888168924552739,0,-0.331853179050559,0.0097113965857158
25/03/2019,3908.23883869082,-1.57223331788473,-1.54181206624,0,-1.84684406458,0.02914248
26/03/2019,3917.76340210403,0.24370474289,-1.96199217233,0,-1.33236018216345,0.00975566
27/03/2019,4027.00791788428,2.78844086709,-0.09049044704,0,3.03894117262,0.03047932
28/03/2019,4010.93746201052,-0.39906690529,0.87176118220,0,2.37824621713,0.00776519
29/03/2019,4089.46104003507,1.95773628406,2.65000932756,1,1.55085670116,0.02314259
30/03/2019,4091.89103834015,0.05942099170,2.76547461247,0,2.01832058207,0.02051109
31/03/2019,4094.31781472823,0.05930696505,3.11410720371768,0,0.11876319754,0.00592907
01/04/2019,4138.41780771479,1.07710233993,5.88958296881,0,1.13704810169,0.02229228
02/04/2019,4903.71946206897,18.49261456703,25.16629920621,0,19.76890129118,0.22355541
03/04/2019,4960.22760274693,1.15235263997,23.17402160344,0,19.85806733917,0.104275163357661
04/04/2019,4911.26970245471,-0.98700914984,22.44692790580,0,0.15396966413,0.05488571
05/04/2019,5033.22548369375,2.48318232611,23.07796637306,0,1.47166393950,0.03617509
06/04/2019,5044.35684593805,0.22115763103,23.27691032517,0,2.70983170435,0.06250259
07/04/2019,5189.11195558153,2.86964451692,26.73935415846,0,3.09714858579,0.0445331491669967
08/04/2019,5283.42302483928,1.81747994773,27.66770467182,0,4.73927967831,0.03963113
09/04/2019,5195.57790882525,-1.66265535811,5.95177699324,0,0.12460616188,0.02524516
10/04/2019,5311.74160327294,2.23581854581,7.08665062731,0,0.53598923086,0.05588512
11/04/2019,5050.66600859147,-4.91506579538,2.83829466883,0,-2.78913920216,0.06721205
12/04/2019,5082.86143202805,0.63744906873,0.98616579955,0,-4.30894776779,0.03798361
13/04/2019,5074.79069257744,-0.15878338527,0.60332461737,0,0.47765352025,0.01425986
14/04/2019,5156.80404061952,1.61609321468,-0.62260971123,0,1.45474374189,0.0314807911240029
15/04/2019,5042.89773845704,-2.20885457864,-4.55245179596,0,-0.62845851292,0.04459875
16/04/2019,5205.96295745178,3.23356188152,0.19988245406,0,0.95328262321,0.04112139
17/04/2019,5226.35221519579,0.39165199427,-1.60755914829,0,3.63787818539,0.0150532812391325
18/04/2019,5278.5023395675,0.99783026907528,4.51101558860688,0,1.39339028549728,0.0164746520962195
19/04/2019,5289.95121911163,0.216896362028857,4.07427567824,0,1.21689088866,0.02751899
20/04/2019,5313.97326212741,0.45410708002,4.71315141923,0,0.671988383788731,0.01843912
21/04/2019,5295.73382817066,-0.34323533554,2.69410639723,0,0.10931308852,0.02224056
22/04/2019,5383.79997533606,1.66296400127,6.76004659542,0,1.31402078566,0.03377813
23/04/2019,5544.86271186441,2.99161813712,6.50983799121,0,4.70433167106,0.04672556
24/04/2019,5431.94791963764,-2.03638571583,3.93382795450,0,0.89431153687,0.04321427
25/04/2019,5127.67316738749,-5.60157712761,-2.85742361141718,0,-7.52389312695,0.0925390854484528
26/04/2019,5150.16466066628,0.43862961902,-2.64249239086,1,-5.18751768500,0.0452695195630268
27/04/2019,5181.80776364699,0.61440953961,-2.48713141676,0,1.05573414085,0.01852475
28/04/2019,5148.66961542957,-0.63950940924,-2.77703180547,0,-0.02902907645,0.0185847654349865
29/04/2019,5148.80049327878,0.00254197412,-4.36493709153,0,-0.63698369129,0.02303534
30/04/2019,5266.61820251315,2.28825547597,-5.01805948695,0,2.29085561696,0.02812261
01/05/2019,5315.17532904734,0.92197924108,-2.14973693264,0,3.23133195753,0.01416997
02/05/2019,5393.12937638808,1.46663171984,5.17693309100,0,2.40213300092,0.02190667
03/05/2019,5658.43038836938,4.91924063871,9.86892189263,0,6.45801950213,0.07695382
04/05/2019,5774.71242869667,2.05502290116,11.44204285634,0,7.07535506156,0.05304864
05/05/2019,5728.35170222092,-0.80282311973,11.25887132191,0,1.23570158246,0.02473878
06/05/2019,5691.68837405026,-0.64003277167,10.54396808500,0,-1.43771756034,0.03123077
07/05/2019,5825.744893045,2.35530321030812,10.6164272600023,0,1.70019572622121,0.04692672
08/05/2019,5931.8005949737,1.82046594685794,11.6012215543768,0,4.21864665005498,0.04892931
09/05/2019,6150.14044476914,3.68083596708308,14.03658276205,0,5.56831027928147,0.03539935
10/05/2019,6357.46349357101,3.37102950191,12.35383414168,0,7.17594753535705,0.0501816914443289
11/05/2019,7325.08286031561,15.22021113803,26.84757813938,0,19.10431844765,0.17018658
12/05/2019,6942.62317451783,-5.22123357634,21.19757192677,0,9.20429478736,0.11175499
13/05/2019,7798.90573600234,12.33370355786,37.02271142530,0,6.46849851015,0.1831761678998
14/05/2019,7955.5576823495,2.00864007913319,36.5586346193626,0,14.5900833499007,0.0879733229996806
15/05/2019,8215.2068383986,3.2637455024,38.4943189992,0,5.33794248178274,0.05533717
16/05/2019,7862.07160233782,-4.29855562991056,27.83564331486,0,-1.17510404354294,0.08513548
17/05/2019,7326.92068188194,-6.80674188081,15.24911923271,0,-10.8127059243929,0.16302558
18/05/2019,7277.98756341321,-0.66785380371,-0.64293193402,0,-7.42913659996,0.03646839
19/05/2019,8219.74278696669,12.93977511432,18.39534683571,0,12.18550253031,0.14206630
20/05/2019,7981.13937895967,-2.90280869111,2.33665656601,0,9.66134950658,0.07327748
21/05/2019,7983.80847738165,0.03344257374,0.355107663851502,0,-2.87033689131,0.0368759108979202
22/05/2019,7667.90211484512,-3.95683793557,-6.66209304670613,0,-3.92471863028,0.0624934516421983
23/05/2019,7897.4712936879,2.99389814064439,0.450259081074176,0,-1.08140349231004,0.06504060
24/05/2019,7987.10036762127,1.13490851185501,9.01032936486,0,4.16278465733,0.0474658671827234
25/05/2019,8061.59176072472,0.93264626303,10.76677021613,0,2.07813945671438,0.02508894
26/05/2019,8731.52495587376,8.31018507304,6.22625527551,0,9.32033596661,0.10920131
27/05/2019,8816.78670835769,0.97648180489,10.47027610620,0,9.36781432312,0.03109162
28/05/2019,8719.12584833431,-1.10766953147,9.21010784560,0,-0.14200391801,0.02833763
29/05/2019,8655.48850613676,-0.72985920039,12.87948615541,0,-1.82944430388,0.0368350551482209
30/05/2019,8271.62196317942,-4.43494948535,4.73760087979759,0,-5.13243979889,0.12133656
31/05/2019,8556.222185564,3.44068217396128,7.12551228540811,1,-1.14685982775415,0.0559776240702453
01/06/2019,8554.80732963179,-0.0165359886819809,6.11809160704,0,3.42357723446,0.0191845969887242
02/06/2019,8744.35374547049,2.21567135922,0.14692496055,0,2.1987689873681,0.03229593
03/06/2019,8173.40127054354,-6.52938446392,-7.29727801178,0,-4.45838280620,0.07686243
04/06/2019,7649.93933196961,-6.40445661784,-12.26254254111,0,-12.51566948636,0.07909156
05/06/2019,7798.54446639392,1.94256618223,-9.90058549711,0,-4.58630124402,0.04359840
06/06/2019,7776.71332612507,-0.27993865218,-5.98321150625,0,1.65718953647,0.05242729
07/06/2019,8023.950093045,3.1791935301172,-6.220877403,0,2.8903550864192,0.04716512
08/06/2019,7939.80515488019,-1.04867225230806,-7.18896581833,0,2.09718195741,0.03242405
09/06/2019,7634.06575073057,-3.85071671389,-12.69719898186,0,-4.85900756850886,0.05524723
10/06/2019,7993.30253857393,4.70570728067,-2.20347351131,0,0.67378711001,0.07170592
11/06/2019,7922.48362711864,-0.88597811873,3.56269877867,0,3.77803762511,0.0413114204787574
12/06/2019,8146.75612507306,2.83083573927,4.46508524994,0,1.91977703532,0.05432149
13/06/2019,8232.77734137931,1.05589531570,5.86448279792,0,3.91662171694,0.03356051
14/06/2019,8698.00481502046,5.65091772011,8.40053482585488,0,6.76648081131,0.06654615
15/06/2019,8850.58481601403,1.75419540732,11.47105808477,0,7.50424126655,0.03119700
16/06/2019,9019.51700672121,1.90871218365,18.14827512925,0,3.69639013243,0.06498973
17/06/2019,9340.57218877849,3.55956069286,16.85498132597,0,5.53621464514,0.0540925575896467
18/06/2019,9047.13274447691,-3.14155748032,14.19566351022,0,0.30617756733,0.04429705
19/06/2019,9285.05567656341,2.62981586328,13.97242698830,0,-0.59435879401,0.03043997
20/06/2019,9546.71977819988,2.81812097581,15.95989278389,0,5.52204823156,0.04093857
21/06/2019,10083.4863136762,5.62252321160653,15.9287276579012,0,8.59909369340805,0.07300649
22/06/2019,10685.2952327878,5.9682623687,20.7298213046226,0,11.9263525173105,0.10934891
23/06/2019,10794.4276963764,1.0213331612,19.6785558287939,0,7.0505513727,0.07061424
24/06/2019,11004.2069094681,1.9434028278,17.8108437798731,0,2.9845846065,0.0501326083347926
25/06/2019,11726.2638308007,6.5616443536,29.613040528883,0,8.6325663633,0.07027876
26/06/2019,12863.4606849795,9.6978617451,38.5394028109967,0,16.8958452963,0.181731350541076
27/06/2019,11109.7978418469,-13.6329008661,16.3729333212057,0,-5.2571389988,0.23419093
28/06/2019,12358.2079582116,11.2370191982,22.5588806666,1,-3.9278133555,0.15076284
29/06/2019,11944.3515473407,-3.3488383775,11.7830746566,0,7.5118712093,0.08265558
30/06/2019,10842.6167109877,-9.2238982751,0.4464249145,0,-12.2638432073,0.12838760
01/07/2019,10569.5517282291,-2.5184417197,-3.9499001138,0,-11.5100414925,0.113467123077289
02/07/2019,10766.0833162186,1.8594127078,-8.1882902213,0,-0.7058572373,0.11877859
03/07/2019,11952.0248935126,11.0155340848,-7.0854633429,0,13.0797710332,0.10643786
04/07/2019,11177.0103787551,-6.4843783515,0.6049843378,0,3.8168668258,0.0814738697278295
05/07/2019,10998.3991004676,-1.5980237312,-11.0032851231,0,-7.9787801778,0.05818828
06/07/2019,11208.225600526,1.90779128982034,-6.16296283558894,0,0.279280601100925,0.06414142
07/07/2019,11456.1836039158,2.21228597841717,5.6588451781,0,4.1622830674,0.0462924360749675
08/07/2019,12319.6228758036,7.5368840247,16.5576667069,0,9.91590743164058,0.0917757608782524
09/07/2019,12579.107616014,2.10627178141988,16.840147401276,0,9.80190306756586,0.0542744589116743
10/07/2019,12106.7829313267,-3.75483459642241,1.2948269368,0,-1.7276498365,0.12785297
11/07/2019,11294.678028346,-6.70785052963452,1.05276496669055,0,-10.210816434,0.08950595
12/07/2019,11813.3237158971,4.59194751943762,7.4094839438,0,-2.4239239862,0.07364622
13/07/2019,11346.837148159,-3.94881727578795,1.236694840,0,0.461802627,0.08653625
14/07/2019,10283.0757891292,-9.37495925199202,-10.2399529839,0,-12.9535765172,0.11897835
15/07/2019,10926.3802741087,6.2559539400,-11.3091335323,0,-3.70549844472315,0.11655347794544
16/07/2019,9471.14086475745,-13.3185865112127,-24.7073707144369,0,-7.89583720884456,0.15319133
17/07/2019,9674.88246113384,2.15118325538,-20.0870907159014,0,-11.4539104587127,0.0939800455448333
18/07/2019,10679.8906896552,10.387808147114,-5.44315948757355,0,12.7624521919589,0.15241411
19/07/2019,10532.2027291058,-1.3828602262,-10.8447124417,0,8.86129905366816,0.0555643275536093
20/07/2019,10862.6485479252,3.1374806137,-4.26716796858549,0,1.7112334160,0.06693001
21/07/2019,10589.7064907656,-2.5126658195,2.9818967391,0,0.5459803912,0.04614237
22/07/2019,10318.5609251899,-2.5604634634,-5.5628610177,0,-5.0087933927,0.05502993
23/07/2019,9866.64894038574,-4.37960281555292,4.17592855260,0,-6.82792814900373,0.04822442
24/07/2019,9792.78753652835,-0.74859665428,1.21867191532,0,-5.09541390968599,0.03798022
25/07/2019,9897.18678603156,1.06608306485,-7.32876324644208,0,0.30950574841,0.04470453
26/07/2019,9836.69678813559,-0.61118375558,-6.60361330729208,0,0.44838358275,0.02151781
27/07/2019,9446.67205207481,-3.96499703570,-13.0352785474298,0,-4.55194737350,0.08867975
28/07/2019,9529.78879193454,0.87985207279,-10.0089431161791,0,-3.12003107152,0.04815193
29/07/2019,9504.15891595558,-0.26894484798,-7.89259292200508,1,0.60854090799,0.03218032
30/07/2019,9589.10920601987,0.89382228155,-2.81290776679,0,0.62247354459,0.0368747017653576
31/07/2019,10059.0040189947,4.90029681463882,2.71849543833488,0,5.83791904097527,0.05586713
01/08/2019,10400.3070143776,3.3930098322,5.08346704192873,0,8.45957419953539,0.05917623
02/08/2019,10529.6944544126,1.2440732745,7.0450241702363,0,4.6792946352,0.0314163011982824
03/08/2019,10810.4216686148,2.6660528035,14.4362968146064,0,3.9432937284,0.03843080
04/08/2019,10986.5089291058,1.6288657916,15.2859645578309,0,4.3383450172,0.04509699
05/08/2019,11790.0239375804,7.3136518039,24.0512079168553,0,9.0616471678,0.08823859
06/08/2019,11423.4970017534,-3.1087887333,19.129908277423,0,3.9774970873,0.09317945
07/08/2019,11967.2735473407,4.7601583430,18.9707601741,0,1.5033863434,0.0645911679953922
08/08/2019,11938.2346108708,-0.2426529013,14.7873288199,0,4.5059547793,0.04577243
09/08/2019,11858.3410984804,-0.6692238425,12.6180930493,0,-0.9102528527,0.03043210
10/08/2019,11303.7305618936,-4.6769656226,4.5632715208,0,-5.3148900961,0.0613494884082611
11/08/2019,11530.195242256,2.00345079991417,4.94867220022777,0,-2.76721552786545,0.03905948
12/08/2019,11384.6962465809,-1.26189533323663,-3.4378869216,0,0.7162740145,0.02589757
13/08/2019,10867.05475827,-4.54681861596756,-4.87103242901881,0,-5.75133785727855,0.06011509
14/08/2019,10024.3795917008,-7.75440250660291,-16.2350592886,0,-11.9486425058,0.0865400620346546
15/08/2019,10310.0858696669,2.8501143173,-13.6381030720,0,-5.12529752534133,0.0947062314895764
16/08/2019,10373.3219028054,0.6133414788,-12.5229927470,0,3.4809367294,0.07598352
17/08/2019,10207.1555616598,-1.6018623803,-9.7010008707,0,-0.9983457879,0.04533882
18/08/2019,10331.3099760374,1.2163468424,-10.3977880775593,0,-0.4049997403,0.04207771
19/08/2019,10884.6297744009,5.3557564302,-4.3924445708,0,6.6372478469,0.06343713
20/08/2019,10771.3923793688,-1.0403421832,-0.880297201303779,0,4.2596960536,0.03442241
21/08/2019,10096.8302238457,-6.2625344223,0.7227443004,0,-7.2377248182,0.08658379
22/08/2019,10119.7145248393,0.2266483687,-1.8464574130,0,-6.0500799857,0.0457461445031843
23/08/2019,10414.1441725891,2.9094659442,0.3935313120,0,3.1427085700,0.0413713796282328
24/08/2019,10147.0871548802,-2.5643683560,-0.5884931058,0,0.2704881642,0.0500061283331921
25/08/2019,10100.3567783752,-0.4605299609,-2.2354686695,0,-3.0130886323,0.0413218773376682
26/08/2019,10362.6434723553,2.5968062291,-4.7956275304,0,2.1243171975,0.04898249
27/08/2019,10168.221571654,-1.87618054427873,-5.59974779927333,0,0.671904911558155,0.03344991
28/08/2019,9724.79997808299,-4.36085691530502,-3.68462415941278,0,-6.15521991057496,0.06917456
29/08/2019,9482.31173495032,-2.49350365744,-6.29862421834574,0,-6.74562244607055,0.03962621
30/08/2019,9577.67882349503,1.00573669386,-8.03201237885411,1,-1.51284504483,0.0338233324080466
31/08/2019,9605.02446142607,0.28551425074,-5.34205220848455,0,1.29412246619,0.02507781
01/09/2019,9762.93655689655,1.64405719220,-3.34067626404113,0,1.93426546051,0.02867650
02/09/2019,10377.3383845704,6.29320721376434,0.1418065984,0,8.04072833178046,0.0710659656351728
03/09/2019,10618.7815058445,2.3266382219,4.43105936486011,0,8.76626560011168,0.04633447
04/09/2019,10577.2410839275,-0.3911976331,8.76564153263488,0,1.9263388352,0.04098841
05/09/2019,10580.1846995909,0.0278297114,11.578115077086,0,-0.3634767909,0.01718709
06/09/2019,10330.8497312098,-2.3566220767,7.86381462142126,0,-2.3294482064,0.06869037
07/09/2019,10494.5069649328,1.5841604319,9.26059592121713,0,-0.8097943192,0.02463393
08/09/2019,10407.2656573933,-0.8313044894,6.5997468767898,0,0.7396867457,0.0310590522754331
09/09/2019,10332.4644424313,-0.7187403245,-0.4324224621,0,-1.5440698934,0.04063414
10/09/2019,10085.9519243133,-2.3858056274,-5.0178034197,0,-3.0873982048,0.0424696101207903
11/09/2019,10142.1480603741,0.5571723570,-4.1134830917,0,-1.8419263199,0.0325789803170352
12/09/2019,10403.3599707773,2.5755087467,-1.6712820601,0,3.1470311265,0.04110108
13/09/2019,10345.3387469316,-0.5577161995,0.1402499901,0,2.0034285178,0.02701360
14/09/2019,10363.4528963179,0.1750947922,-1.2487872851,0,-0.3835979392,0.01840254
15/09/2019,10306.1696674459,-0.5527426954,-0.9713981873,0,-0.3786157268,0.01089320
16/09/2019,10257.822761543,-0.469106442673978,-0.722399591154425,0,-1.01925618644371,0.02820777
17/09/2019,10195.6111811806,-0.606479384647138,1.0872474675,0,-1.0727407935,0.01283086
18/09/2019,10161.3188664524,-0.3363438848,0.1890211616,0,-0.940783413146863,0.0166095617018721
19/09/2019,10268.3926291642,1.0537388317,-1.2973437619,0,0.7138507608,0.0708657864084904
20/09/2019,10170.1251161309,-0.9569902183,-1.6936480775,0,0.0866644359,0.022007484722114
21/09/2019,9986.4061081239,-1.8064576975,-3.6382351709,0,-2.7461602923,0.02336379
22/09/2019,10047.0134748685,0.6068986789,-2.5145733181,0,-1.2105223865,0.02233081
23/09/2019,9692.74104792519,-3.52614662884133,-5.50878804161371,0,-2.94064808720141,0.04169777
24/09/2019,8613.67124850965,-11.13276207504,-15.5158911472708,0,-14.2663511892783,0.17264876
25/09/2019,8424.15764640561,-2.20014900310,-17.0958243007414,0,-13.08797372433,0.0596137733719419
26/09/2019,8091.69529924021,-3.94653520411,-21.1980336994687,0,-6.05985455226,0.08445732
27/09/2019,8186.77963927528,1.17508552310,-19.5016821740946,1,-2.81782484486,0.05044274
28/09/2019,8201.97901344243,0.18565754591,-17.8685612758112,0,1.36292470396,0.03621785
29/09/2019,8064.50806236119,-1.67607050513,-19.7322857928511,0,-1.49352471059,0.03840768
30/09/2019,8282.3654541204,2.70143435997042,-14.5508436347497,0,0.980085910317774,0.0774406005274682
01/10/2019,8314.55139012273,0.388608015193507,-3.47261753737,0,3.10054036561,0.038317720281732
02/10/2019,8362.53073232028,0.57705268687,-0.73154986732,0,0.967903175052467,0.0258069546440689
03/10/2019,8254.33991028638,-1.29375694388,2.01001897663,0,-0.72416991623,0.03881359
04/10/2019,8165.68615125658,-1.07402602744,-0.25765305710,0,-2.35388768502,0.02663116
05/10/2019,8141.63371379311,-0.29455500760,-0.73574072246,0,-1.36541743759,0.02073448
06/10/2019,7854.60981297487,-3.52538459612,-2.60274089583,0,-3.80955540685,0.04536613
07/10/2019,8226.02342928112,4.72860683280,-0.680264897164739,0,1.03652065979,0.06731844
08/10/2019,8190.1151207481,-0.43652086383807,-1.49660833803317,0,4.27144461356967,0.0274059511207768
09/10/2019,8598.3319207481,4.9842620523,2.81973479052787,0,4.5259838446572,0.06892007
10/10/2019,8578.09037931034,-0.23541242213407,3.92218484510,0,4.73711605810495,0.0227973726231151
11/10/2019,8289.85402893045,-3.36014587903,1.52060556056,0,-3.58764810036329,0.06462985
12/10/2019,8323.7501440678,0.4088867550509,2.23685364236122,0,-2.96499831542913,0.0172388108090903
13/10/2019,8291.25065143191,-0.390442914232017,5.55903919932,0,0.01684737146,0.0361219779176827
14/10/2019,8346.36843658679,0.66477046072,1.46297914588,0,0.271731997327066,0.02057099
15/10/2019,8160.71262752776,-2.22439028986,-0.35899975503219,0,-1.57440691872,0.03592856
16/10/2019,8003.85592314436,-1.92209567403,-6.91385262959257,0,-4.10373105435,0.03100418
17/10/2019,8072.48938229106,0.85750493020,-5.89409734174,0,-1.08107280900,0.02246835
18/10/2019,7959.33199357101,-1.40176571763,-3.98706701235,0,-0.55628099757,0.03569715
19/10/2019,7948.47733722969,-0.13637647418,-4.50845833119535,0,-1.53623051315,0.02393341
20/10/2019,8213.70903927528,3.33688693812,-0.93522214460,0,3.19595973519,0.05209668
21/10/2019,8211.65455873758,-0.02501282341,-1.61404182996,0,3.31103946507,0.02100743
22/10/2019,8029.20537288136,-2.22183220874,-1.61146778043,0,-2.24628928918,0.0369954063561597
23/10/2019,7458.03585680889,-7.11364935317,-6.81946391310,0,-9.17742820936,0.09134103
24/10/2019,7454.37113816482,-0.04913785230,-7.65709578364,0,-7.15929171096,0.01977422
25/10/2019,8656.65517755699,16.12857767756,8.76107674048,1,16.07151458857,0.18099532725699
26/10/2019,9249.64676095851,6.85012364751,16.37004634377,0,24.08352883857,0.20576467
27/10/2019,9558.15604400935,3.33536286329,16.36833004804,0,10.41396299104,0.07414678
28/10/2019,9319.17814167154,-2.50025110740,13.48721594426,0,0.75171930896,0.0755722556012946
29/10/2019,9431.20712390415,1.20213371318,17.46127650138,0,-1.32817375570,0.04721223
30/10/2019,9182.85506516657,-2.63330086462,23.12699002088,0,-1.46282294890,0.04492185
31/10/2019,9155.27729877265,-0.30031799694,22.81756742564,0,-2.92571058515,0.04885248
01/11/2019,9251.38129345412,1.04971145652,6.87016063016,0,0.74624098716,0.0258420289396087
02/11/2019,9300.19083752192,0.52759196189,0.54644331691,0,1.58284161168,0.01875479
03/11/2019,9209.63869608416,-0.97365896055,-3.64628225696,0,-0.45120394507,0.03198510
04/11/2019,9418.36013062537,2.26633683936,1.06427828126,0,1.27061148710,0.04639863
05/11/2019,9330.78722296902,-0.92981056619,-1.06476190816,0,1.31545363377,0.03073732
06/11/2019,9354.93338229106,0.25877944427,1.87390866896,0,-0.67343728053,0.01927949
07/11/2019,9210.74822238457,-1.54127404242,0.60589015277,0,-1.28648309854,0.02992319
08/11/2019,8791.33393495032,-4.55353112807,-4.97274238204,0,-6.02462277719,0.06109756
09/11/2019,8810.78456195208,0.22124773266,-5.26232508687,0,-4.34235797978,0.01747588
10/11/2019,9042.89072320281,2.63434158012,-1.81058104866,0,2.86141773380,0.04169121
11/11/2019,8713.20792957335,-3.64576774973,-7.48699552016,0,-1.10746814535,0.04999618
12/11/2019,8788.95814295734,0.86937226790,-5.80689567840,0,-2.80809077560,0.03139914
13/11/2019,8766.72943050848,-0.25291635353,-6.28763378365,0,0.61425712972,0.01342820
14/11/2019,8645.43580362361,-1.38356758751,-6.13752981964,0,-1.63298467235,0.0241639417037239
15/11/2019,8465.87788854471,-2.07690993441,-3.70200982938,0,-3.43174206925,0.04367294
16/11/2019,8477.69024284044,0.13952899453,-3.78052960857,0,-1.94027883144,0.01062849
17/11/2019,8505.16122326125,0.32403850145,-5.94643368367,0,0.46401962364,0.02715899
18/11/2019,8183.53341350088,-3.78156041159,-6.07898400169,0,-3.46977562182,0.05421704
19/11/2019,8116.82067258913,-0.81520704494,-7.64752157691,0,-4.56593990964,0.02323432
20/11/2019,8076.55466008182,-0.49608109051,-7.87265964916,0,-1.30724404745,0.02218410
21/11/2019,7612.2774880187,-5.74845576614245,-11.9503323958739,0,-6.21601985460015,0.08474647
22/11/2019,7277.52427323203,-4.39754351195884,-14.03698034578,0,-9.89320843452,0.11727300
23/11/2019,7324.83617855056,0.65010989373,-13.59868114152,0,-3.77602248368582,0.03284393
24/11/2019,6943.38065604909,-5.20770039361,-18.36273912058,0,-4.59144627538,0.06361309
25/11/2019,7139.04468597312,2.81799370676,-12.76329764603,0,-2.53645935620,0.120704884855505
26/11/2019,7165.43773027469,0.36969994534,-11.72112802156,0,3.19811177329,0.04292931
27/11/2019,7526.86381654004,5.04401963802,-6.80600660401,0,5.43236732120,0.11281406
28/11/2019,7436.3363817066,-1.20272449508797,-2.3112807775,0,3.78062948321128,0.035868200288101
29/11/2019,7747.73804208066,4.18756823776972,6.46117760923,1,2.93447883374,0.05797903
30/11/2019,7556.19372121567,-2.47226119191,3.15853538599,0,1.61177942143552,0.0435669569255273
01/12/2019,7417.72720601987,-1.83249027625,6.83163682748,0,-4.25944752221,0.0410218417890007
02/12/2019,7318.31252180012,-1.34023106349,2.51108998070,0,-3.14816173582,0.03522695
03/12/2019,7306.44623331385,-0.16214514550,1.96789796167,0,-1.50020308937,0.02207030
04/12/2019,7215.02034482759,-1.25130447234,-4.14307312200,0,-1.41142068837,0.0880608363962551
05/12/2019,7404.0867949737,2.62045623033691,-0.4336757387,0,1.3363618719954,0.04295393
06/12/2019,7534.2083559322,1.7574288979,-2.75602614580805,0,4.42393778325842,0.03567748
07/12/2019,7512.06140263004,-0.293951962248591,-0.58405488549,0,1.45831093889444,0.01667693
08/12/2019,7528.94026943308,0.22469021349,1.49928758937,0,-0.0699222300505145,0.0236369672801346
09/12/2019,7340.22745908825,-2.50649897053,0.29945342212,0,-2.28744061492,0.04638422
10/12/2019,7232.09178375219,-1.47319243087,-1.01765546734,0,-3.94276584828,0.02987765
11/12/2019,7200.46444599649,-0.43731936349,-0.20174439067,0,-1.90406923860,0.01761965
12/12/2019,7192.84902425482,-0.10576292403,-2.85298885018852,0,-0.54261976577,0.02583275
13/12/2019,7244.90372004676,0.72370065904,-3.83988100963057,0,0.61717232803,0.01518226
14/12/2019,7071.10709029807,-2.39888115101,-5.86995085234,0,-1.69254121067,0.03506266
15/12/2019,7111.28666995909,0.56822190851,-5.54730924310,0,-1.84429021076,0.02489334
16/12/2019,6882.39579532437,-3.21869846144,-6.23729531974,0,-2.66876590276,0.04219930
17/12/2019,6608.96197983635,-3.97294523041,-8.61617665467,0,-7.06376656484,0.05303615
18/12/2019,7284.6254836353,10.223443649099,1.1688279036723,0,5.84432660185264,0.14678997
19/12/2019,7146.16763763881,-1.9006858527941,-0.64899717009,0,8.12844224920,0.04300318
20/12/2019,7184.21917206312,0.53247469628,-0.83761703852,0,-1.37833182773418,0.01848989
21/12/2019,7140.29801127995,-0.61135608103,0.97850195306,0,-0.08213670119,0.00993420
22/12/2019,7479.40240789012,4.74916307519,5.17649976742,0,4.10877269690,0.05511810
23/12/2019,7321.7487238457,-2.10783797216351,6.38372075055331,0,2.5412204403668,0.0560968664464698
24/12/2019,7235.62908381064,-1.17621682036947,9.48208063363,0,-3.25926204776,0.03525719
25/12/2019,7191.17416569258,-0.61438912364,-1.2828568627537,0,-1.78337939579736,0.02120374
26/12/2019,7194.63975832846,0.04819230568,0.67829532062,0,-0.56649290625,0.03779718
27/12/2019,7237.15044728229,0.59086612230,0.73677144240,1,0.63934317999,0.0267427793761189
28/12/2019,7306.64330829924,0.96022407608,2.32966882834,0,1.55676383715,0.01514859
29/12/2019,7391.578521391,1.16243820189343,-1.17420993964001,0,2.13382428945775,0.03322634
30/12/2019,7229.3971006429,-2.19413783238251,-1.2613328685,0,-1.0572051268549,0.02419609
31/12/2019,7167.39505464641,-0.857637851861482,-0.94302828923,0,-3.03295792767147,0.0251836199007656
01/01/2020,7170.63186879018,0.04516025863,-0.28565984398,0,-0.812864904702691,0.0109617139996246
02/01/2020,6946.82526914085,-3.12115590013,-3.44443220942,0,-3.07740516358,0.03758325
03/01/2020,7315.3093603156,5.30435237534515,1.07996805652507,0,2.01763936808863,0.07705068
04/01/2020,7343.16419438925,0.380774519595276,0.49983124328,0,5.70532451722,0.01616759
05/01/2020,7345.53069181765,0.03222721658,-0.62297693841835,0,0.413124449199592,0.02321574
06/01/2020,7765.7977346581,5.72139795574736,7.4197146255,0,5.75546901963291,0.06083792
07/01/2020,8136.08684190532,4.76820437383594,13.51525595943,0,10.76241027715,0.0614193511206201
08/01/2020,8059.69952887201,-0.93887042405,12.39873523492,0,3.78456668916641,0.07217885
09/01/2020,7817.13609322034,-3.00958410153,12.52818072085,0,-3.92019843056,0.03680953
10/01/2020,8129.81791992987,3.99995372961,11.1343009501806,0,0.86998765657,0.06544794
11/01/2020,8032.00549503215,-1.20313180272,9.38071493988,0,2.74869721148,0.0337353867487527
12/01/2020,8164.54999316189,1.65020427603,11.14989965608,0,0.42721834085,0.0259664197767865
13/01/2020,8121.92566762127,-0.52206582820,4.58585125612789,0,1.11952329521,0.0170532316010252
14/01/2020,8830.16787346581,8.72012666489,8.53089507336,0,8.15253603519,0.09485951
15/01/2020,8811.44820251315,-0.21199677312,9.32725433434,0,8.48964350463,0.03765520
16/01/2020,8718.68699801286,-1.05273505976,11.53300766472,0,-1.26250006852,0.02916980
17/01/2020,8912.54190414962,2.22344151339,9.62781690720,0,1.14729950529,0.0383425438769688
18/01/2020,8928.1807565751,0.175470169943309,11.1575528938226,0,2.40281315994011,0.01860102
19/01/2020,8687.35483664524,-2.69736832727659,6.40335161058,0,-2.52663123412,0.0756413316198366
20/01/2020,8636.2587862069,-0.588165804196293,6.33264991128965,0,-3.2696691334,0.0251672041354954
21/01/2020,8730.86756019871,1.0954833144059,-1.12455747943,0,0.50087425196,0.032044681658329
22/01/2020,8647.90047399182,-0.95027310442,-1.85608227799,0,0.134800126688111,0.02318309
23/01/2020,8366.38461396844,-3.25530874078,-4.04077338852,0,-4.17464752176,0.04416630
24/01/2020,8423.39095815313,0.68137369742,-5.48834385585,0,-2.59611586088,0.03400377
25/01/2020,8344.77456896552,-0.93331046342,-6.53443521716263,0,-0.25829609802,0.02054958
26/01/2020,8573.87480958504,2.74543354918,-1.30626674280,0,1.78649966717,0.03683307
27/01/2020,8901.95928486265,3.82656013254,3.07656944092625,0,6.67704934738,0.0484742141571
28/01/2020,9297.3883176505,4.44204494914123,6.48871092758732,0,8.43858260277627,0.0575101286409004
29/01/2020,9311.94754354179,0.156594791933668,7.67870850904,0,4.60559575212,0.0197649437632123
30/01/2020,9508.92096493279,2.11527632077,13.65627333289,0,2.27518352525632,0.04050188
31/01/2020,9357.28478240795,-1.59467286650,11.08691059093,1,0.48687171673,0.03281811
01/02/2020,9381.88602863822,0.26291009414,12.42827413852,0,-1.33595532830,0.01721914
02/02/2020,9339.38706312098,-0.45298957361,8.92842816739,0,-0.19127043478,0.0314781280662229
03/02/2020,9279.81252051432,-0.63788492975,4.24460754717,0,-1.08798495113,0.03916458
04/02/2020,9161.62719772063,-1.27357446643,-1.46020705268528,0,-1.90333545659,0.02810889
05/02/2020,9628.13677586207,5.09199477422,3.39552205209,0,3.75356996252,0.06494937
06/02/2020,9739.2804364699,1.15436312544364,2.42256163855641,0,6.30513800968661,0.03339458
07/02/2020,9800.27939982466,0.626318995049594,4.73422181453,0,1.78791211602,0.0149178298576735
08/02/2020,9911.29340841613,1.13276371073,5.64286731007,0,1.76617742007004,0.02859566
09/02/2020,10151.0832026885,2.41935925404805,8.69110717953553,0,3.57952858844123,0.0281290404200838
10/02/2020,9872.36187305669,-2.74572992917634,6.38535909247,0,-0.39279974626,0.04215590
11/02/2020,10272.2225558738,4.05030415171871,12.1222500565127,0,1.1933638092,0.06659443
12/02/2020,10360.1352229106,0.8558290726,7.60270095958405,0,4.9407969047926,0.02134585
13/02/2020,10235.4973226184,-1.2030528329,5.0950056258,0,-0.3575198362,0.0399170631667452
14/02/2020,10361.6156901812,1.2321664848,5.72775803072087,0,0.0142900381,0.02745502
15/02/2020,9911.72432700175,-4.34190358561332,0.00434775329,0,-3.16323658158922,0.05522996
16/02/2020,9952.04661157218,0.40681402388,-1.96074238721248,0,-3.95275303442428,0.04151493
17/02/2020,9683.0796277031,-2.70262986465846,-1.91729444065632,0,-2.30681051808282,0.04893684
18/02/2020,10195.3037904734,5.2898889864,-0.7488035328,0,2.44429300218874,0.06656900
19/02/2020,9636.00229865576,-5.48587372492281,-6.98960880986841,0,-0.486181368504424,0.09218410
20/02/2020,9614.03012244302,-0.22802169958,-6.07168543537266,0,-5.70138644199625,0.02644796
21/02/2020,9701.79750268849,0.91290935360,-6.3679083187573,0,0.68280602260,0.0199125770788775
22/02/2020,9675.24905756868,-0.27364460155,-2.38581362467,0,0.63676662488,0.01448294
23/02/2020,9972.84242308591,3.07582123981,0.20896014986,0,2.79375981948,0.03411115
24/02/2020,9648.00788310929,-3.25719114166,-0.362196180783957,0,-0.28155527881,0.05239560
25/02/2020,9344.28714009351,-3.14801507934,-8.34714362484313,0,-6.30266935269,0.04310554
26/02/2020,8798.88894856809,-5.83670196933,-8.68735108339,0,-8.80097679053,0.07661658
27/02/2020,8779.02948188194,-0.22570425428,-8.68523012646,0,-6.04923253895,0.0501897797504194
28/02/2020,8750.59344599649,-0.32390865009,-9.80441053762,1,-0.54888182876,0.05184751
29/02/2020,8582.09029964933,-1.92561964382,-11.29850768094,0,-2.24329104531,0.0308778634006088
01/03/2020,8541.77389392169,-0.46977373017,-14.34965547888,0,-2.38634731877,0.0380804190195571
02/03/2020,8906.21475645821,4.26657117201,-7.68856260938,0,3.77675421129,0.05667835
03/03/2020,8768.81061420222,-1.54278945673,-6.15859206019,0,2.65795750508,0.02837420
04/03/2020,8756.36957218001,-0.14187832957,-0.48323574302,0,-1.68247890238,0.01909879
05/03/2020,9062.61580274693,3.49741097658,3.23026960384,0,3.35057057874,0.04651422
06/03/2020,9147.08505897136,0.93206264133,4.53102541470,0,4.46207167903,0.0200101027660398
07/03/2020,8898.30695675044,-2.71975280231,3.68461116185,0,-1.81303996079,0.03778578
08/03/2020,8109.61454114553,-8.86339861547,-5.05936305670,0,-11.34208888555,0.09949788
09/03/2020,7896.38531987142,-2.62933854861,-11.33848064751,0,-11.25968840757,0.0674597956108525
10/03/2020,7909.92787545295,0.17150322626,-9.79474613533,0,-2.46234472279,0.05177961
11/03/2020,7939.34133477499,0.37185496234,-9.33067329639,0,0.54399593185,0.04917928
12/03/2020,4959.31341437756,-37.53495151222,-45.27724089468,0,-37.30267212969,0.40384443
13/03/2020,5627.69238836938,13.47724812177,-38.47556514357,0,-29.11638193814,0.41678356
14/03/2020,5145.17250642899,-8.57402730358,-42.17807352076,0,3.74767788445,0.10696800
15/03/2020,5358.61066335476,4.14831877180,-33.92274520365,0,-4.78138651591,0.160383302851362
16/03/2020,5012.92738778492,-6.45098696820,-36.51617563330,0,-2.57027569977,0.16685650
17/03/2020,5416.7547106955,8.0557185786212,-31.5195435914728,0,1.08505825471446,0.118615738617185
18/03/2020,5392.48783594389,-0.447996559705658,-32.07890165492,0,7.57163267682,0.07776462
19/03/2020,6203.5516320865,15.0406235640705,25.0889208595239,0,14.5252455282,0.21128139
20/03/2020,6174.14947603741,-0.473956820106306,9.71014493964,0,14.49538068280,0.19918995
21/03/2020,6175.83102220924,0.02723526825,20.03156384927,0,-0.446850635269662,0.09326596
22/03/2020,5830.56097960257,-5.59066531071,8.80732611300,0,-5.56495267516,0.10635956
23/03/2020,6486.40865733489,11.24844899190,29.39362882336,0,5.02892054541,0.15071560
24/03/2020,6775.05761893629,4.45005821943,25.0759537912764,0,16.19906974025,0.06849796
25/03/2020,6689.96901285798,-1.25590970386,24.06090132027,0,3.13825980256,0.07145055
26/03/2020,6754.46033606078,0.96400032764,8.88053709627927,0,-0.30401634988,0.0362864919106534
27/03/2020,6490.79541502046,-3.90356753792,5.12857585020,1,-2.97719761414,0.0808221722102759
28/03/2020,6231.81989023963,-3.98988888452,0.90658031007,0,-7.73770841515,0.04776050
29/03/2020,5904.85758679135,-5.24665842735,1.27426172968,0,-9.02721147046,0.06427270
30/03/2020,6436.90570017534,9.01034623721,-0.76317974668,0,3.29094571968,0.12779401
31/03/2020,6432.3832421391,-0.0702582614518776,-5.05788136530994,0,8.93375746313982,0.02697599
01/04/2020,6643.11000870836,3.27602940677991,-0.70043678916,0,3.20346946402,0.0830632871781659
02/04/2020,6792.74222209234,2.25244220234,0.56676453968,0,5.60226227803868,0.09472231
03/04/2020,6751.90255178258,-0.60122508664,4.02272942016,0,1.63767486812,0.0621880668416845
04/04/2020,6859.98916867329,1.60083200345,10.08002942154,0,0.98998231321,0.04711522
05/04/2020,6790.81247264758,-1.00840823979,15.00383155452,0,0.57628084183,0.03152068
06/04/2020,7298.17374517826,7.47128969581,13.38015632231,0,6.38754035511,0.08495268
07/04/2020,7187.59333664524,-1.51517917213,11.7407509173069,0,5.84290709832,0.05120994
08/04/2020,7372.19476399766,2.56833433260,10.97505166004,0,1.01424029358,0.03707892
09/04/2020,7299.57918790181,-0.98499264358,7.46144854667,0,1.55804378478,0.0335577659199208
10/04/2020,6859.82267475161,-6.02440910401,1.59836612186,0,-6.95006176110,0.0751346603496511
11/04/2020,6883.18222895967,0.34052708526,0.33809179164,0,-5.70439676348,0.02536669
12/04/2020,6978.66628661601,1.38720804535,2.76629364638,0,1.73245894973,0.05861324
13/04/2020,6863.57553319696,-1.64917978153,-5.95488991021,0,-0.28484929079,0.04354188
14/04/2020,6875.53850344828,0.17429647555,-4.34157608230,0,-1.47775776821,0.0297450195405956
15/04/2020,6625.47577510228,-3.63699117125,-10.12885596216,0,-3.46903384312,0.04697675
16/04/2020,7127.79228223261,7.58159148386,-2.35338094494,0,3.66885849971,0.108705798118196
17/04/2020,7081.39519842197,-0.65093204142,3.23000366301,0,6.88130843423,0.02049195
18/04/2020,7262.79234360023,2.56160177614,5.51503798699,0,1.89399544799,0.0386114208863053
19/04/2020,7150.2442154588,-1.54965367061065,2.45860629805225,0,0.972252149578835,0.02758952
20/04/2020,6853.27341478667,-4.15329591162887,-0.15009841970,0,-5.63858787969,0.06316994