date,time (London: GMT/BST),open,high,low,close,pricechange,volatility,settlement,24-hour return,48-hour return,72-hour return
05/01/2018,00:00,15143.67,15242.91,14900,14951.06,-1.271885,0.022644,0,-0.078849,3.222080,13.061400
05/01/2018,04:00,14951.06,15090.23,14810,14919.44,-0.211490,0.018743,0,-0.761988,0.611906,11.944491
05/01/2018,08:00,14939,16189,14921.76,16034.93,7.336033,0.084828,0,0.679056,-2.273375,11.285674
05/01/2018,12:00,16034.93,16100,15735.99,15969.11,-0.410479,0.022701,0,10.080417,7.561250,18.087975
05/01/2018,16:00,15981.21,16532.99,15981.21,16442,2.883324,0.034527,0,9.826229,5.651882,16.525117
05/01/2018,20:00,16442.27,17200,16301,16928,2.954154,0.054676,0,9.578607,11.386777,10.826840
12/01/2018,00:00,13249.99,13698,12807.27,13600.05,2.641964,0.067225,0,-11.073833,-8.008603,-11.666674
12/01/2018,04:00,13620,13791.09,13395.76,13648.27,0.207562,0.029026,0,2.639617,-3.451297,-10.453767
12/01/2018,08:00,13648.08,14152.19,13329.03,13990.08,2.505847,0.060313,0,0.485491,-2.973068,-10.032373
12/01/2018,12:00,13991,14152.19,13675,13698.54,-2.090344,0.034107,0,4.022227,-1.048920,-5.498143
12/01/2018,16:00,13698.45,13837.71,13395.76,13778.48,0.584227,0.032263,0,-1.936789,-4.917699,-6.749830
12/01/2018,20:00,13778.48,13976.61,13568.44,13781.41,0.021265,0.029624,0,2.824554,-4.034479,-6.586513
19/01/2018,00:00,11290.9,11589.73,11080.37,11223.89,-0.593487,0.045112,0,0.820609,-0.904601,-16.866569
19/01/2018,04:00,11177.54,11677.82,11054.84,11447.18,2.412338,0.055735,0,-2.132544,2.001234,-13.646274
19/01/2018,08:00,11436,11942.24,11247.62,11792.97,3.121459,0.060740,0,6.569850,1.714995,-8.125318
19/01/2018,12:00,11792.97,12050.39,11445.94,11559.26,-1.981774,0.051255,0,1.944850,15.505697,-5.032570
19/01/2018,16:00,11559.26,11735.32,11025.18,11285.9,-2.364857,0.061435,0,-4.269950,21.184666,-6.123709
19/01/2018,20:00,11290,11560.83,11190.58,11552,2.320638,0.032795,0,-4.524313,7.578008,-1.889390
26/01/2018,00:00,11140.01,11635,11105.13,11557.44,3.747124,0.047565,0,-2.289014,2.682462,3.052821
26/01/2018,04:00,11557.37,11571.41,11030,11060.86,-4.296047,0.046845,0,-0.631341,6.634823,6.194886
26/01/2018,08:00,11050.01,11060.59,10263.32,10523.99,-4.760358,0.072151,0,-3.345807,0.772344,7.177699
26/01/2018,12:00,10519.99,11059.99,10402,11043.08,4.972343,0.062547,0,-5.768547,-4.844952,3.197963
26/01/2018,16:00,11049.98,11250,10869.04,10961.35,-0.802083,0.034476,1,-4.405818,-19.334085,-30.856425
26/01/2018,20:00,10961.28,11160.8,10780.18,11092.95,1.201228,0.034724,0,-2.403826,-2.140865,-0.620325
02/02/2018,00:00,9010.87,9022.82,8560,8669.76,-3.785539,0.051362,0,-11.214121,-9.629225,-19.276389
02/02/2018,04:00,8650.11,8707.9,8314.1,8426.95,-2.579852,0.045525,0,-12.988403,-12.413351,-20.735728
02/02/2018,08:00,8415.01,8430,7910,7999.9,-4.932971,0.061794,0,-15.934470,-17.284599,-23.631748
02/02/2018,12:00,8000,9000.77,7625.25,8973.35,12.166875,0.171940,0,-15.403804,-21.802148,-26.949445
02/02/2018,16:00,9000.77,9096.79,8451,8594.8,-4.510392,0.071748,0,-2.345885,-9.656130,-12.364761
02/02/2018,20:00,8587.89,8908.99,8482.53,8838.83,2.922022,0.049658,0,-1.404555,-14.112769,-15.796745
09/02/2018,00:00,8259.42,8259.42,7792.14,8088.99,-2.063462,0.056575,0,8.848301,6.748642,20.073270
09/02/2018,04:00,8082.44,8089.51,7753.32,8009.97,-0.896635,0.041595,0,1.350641,11.105246,27.664508
09/02/2018,08:00,8010,8397.27,7875,8258.1,3.097378,0.065202,0,-3.736722,3.261570,34.000492
09/02/2018,12:00,8265.85,8489.98,8170.55,8331.82,0.798103,0.038645,0,-2.678566,0.167838,28.053249
09/02/2018,16:00,8331.8,8779.62,8320,8620.04,3.459517,0.055165,0,1.511624,1.393032,13.677822
09/02/2018,20:00,8644.4,8725,8463.8,8693.98,0.573551,0.030216,0,2.704360,5.793661,14.502947
16/02/2018,00:00,10011.3,10300,10005.75,10108.56,0.971502,0.029392,0,5.482258,17.716710,12.597850
16/02/2018,04:00,10131.72,10162.97,9756.56,9756.56,-3.702826,0.040113,0,4.954938,16.429652,15.512535
16/02/2018,08:00,9756.45,9999.13,9707.51,9828.22,0.735616,0.029890,0,-1.003215,9.829612,13.246278
16/02/2018,12:00,9839.01,10134.05,9787.48,10033.95,1.981297,0.035224,0,2.181759,9.744117,15.481880
16/02/2018,16:00,10049.23,10170.73,9902.78,10049.03,-0.001990,0.026664,0,2.179384,7.559036,18.182716
16/02/2018,20:00,10054.98,10248.14,9960,10196,1.402489,0.028656,0,-0.636010,8.538330,16.552587
23/02/2018,00:00,9833.25,9837.29,9600,9826.33,-0.070373,0.024131,0,-5.873000,-12.464325,-11.881492
23/02/2018,04:00,9826.11,10026.31,9706.94,9899.99,0.751874,0.032502,0,-8.408843,-10.331312,-14.027770
23/02/2018,08:00,9893.78,10247.66,9870,10222.45,3.321986,0.038171,0,-6.989394,-11.265592,-14.325548
23/02/2018,12:00,10208.49,10405.3,10120,10324.11,1.132587,0.027947,0,-0.589152,-6.816628,-10.874096
23/02/2018,16:00,10315,10328.58,10025,10036.62,-2.698788,0.029431,1,2.644680,23.802780,14.601306
23/02/2018,20:00,10047.38,10194.15,9897.5,10166.1,1.181602,0.029525,0,-0.025871,-3.493023,-13.913493
02/03/2018,00:00,10917.37,11175,10908,11090,1.581242,0.024456,0,5.839851,3.262051,5.686162
02/03/2018,04:00,11090.36,11145.21,10899.09,11079.99,-0.093505,0.022192,0,7.049910,1.714135,7.812822
02/03/2018,08:00,11079.99,11158.71,10815,10913.99,-1.498196,0.031021,0,5.193207,3.050598,4.252234
02/03/2018,12:00,10913.93,11050,10774.01,10863.99,-0.457580,0.025288,0,2.432242,3.274447,1.944753
02/03/2018,16:00,10860.1,10950,10779.5,10918.98,0.542168,0.015700,0,1.364866,3.321381,2.663265
02/03/2018,20:00,10918.99,11114.63,10878.84,11029.99,1.016578,0.021594,0,0.174220,3.447234,2.304213
09/03/2018,00:00,9293.06,9420.39,8884.53,8968.02,-3.497664,0.057662,0,-6.173545,-13.335341,-18.606091
09/03/2018,04:00,8975.11,8989.7,8366,8735.9,-2.665260,0.069492,0,-5.985433,-16.399396,-20.202661
09/03/2018,08:00,8745.3,8973.63,8398.24,8958.56,2.438567,0.065794,0,-12.289042,-16.923629,-22.594196
09/03/2018,12:00,8964.99,9171.99,8850.61,8975.01,0.111768,0.035848,0,-9.942047,-15.718732,-17.965224
09/03/2018,16:00,8975.01,9082.35,8600,8795.22,-2.003229,0.053744,0,-9.655797,-15.767152,-18.194595
09/03/2018,20:00,8786.1,9363.16,8734.99,9230,5.052299,0.071496,0,-6.431808,-10.733862,-17.923505
16/03/2018,00:00,8265.05,8341.13,7914.08,8043.55,-2.679960,0.051669,0,0.842607,-9.692015,-9.327127
16/03/2018,04:00,8038.67,8314.77,8034.33,8247.45,2.597196,0.034886,0,1.722353,-13.380041,-11.155185
16/03/2018,08:00,8259.02,8300,8080,8202.58,-0.683374,0.026638,0,4.639262,-9.286895,-10.275149
16/03/2018,12:00,8202.87,8613.06,8155.05,8554.04,4.281063,0.055835,0,-0.619337,-5.828551,-9.518720
16/03/2018,16:00,8554.42,8595.46,8460.37,8550,-0.051669,0.015792,0,5.571153,-2.095336,-5.799323
16/03/2018,20:00,8539.28,8579.9,8258.54,8258.54,-3.287631,0.037633,0,3.824315,2.918851,-5.889354
23/03/2018,00:00,8708.52,8727.93,8342,8418.82,-3.326627,0.044316,0,-2.065410,-2.195637,1.299671
23/03/2018,04:00,8420.97,8473.37,8350,8395.91,-0.297590,0.014650,0,-6.655412,-6.669689,-2.116459
23/03/2018,08:00,8396.1,8532.53,8396.1,8516.03,1.428401,0.016249,0,-6.366469,-5.954396,0.110769
23/03/2018,12:00,8516.12,8684.19,8265,8631.62,1.356251,0.049223,0,-1.746638,-6.153494,-0.045540
23/03/2018,16:00,8631.62,8730,8552.55,8628.82,-0.032439,0.020558,0,0.251103,-4.570260,1.072005
23/03/2018,20:00,8628.68,8920.79,8580.09,8920.79,3.385338,0.039485,0,0.088736,-2.961532,-3.501000
30/03/2018,00:00,7086.14,7156.63,6691.28,6848.02,-3.360363,0.065670,0,-10.668511,-9.055160,-13.077601
30/03/2018,04:00,6856.64,7302.35,6550,7200,5.007701,0.109726,0,-12.799675,-12.790581,-12.782705
30/03/2018,08:00,7200,7284.14,6888.31,7022.98,-2.458611,0.054976,0,-4.510550,-8.579903,-9.130951
30/03/2018,12:00,7023.91,7043.78,6659,6780.05,-3.471855,0.054781,0,-6.033266,-12.763907,-11.473325
30/03/2018,16:00,6787.49,6877.61,6591.79,6823.68,0.533187,0.042110,0,-9.297565,-13.723539,-15.765914
30/03/2018,20:00,6816.75,6956.51,6751,6850,0.487769,0.030148,0,-7.091533,-13.774566,-13.744671
06/04/2018,00:00,6771.3,6850,6719.77,6769.39,-0.028207,0.019233,0,-0.412832,-8.687579,-3.990642
06/04/2018,04:00,6763.61,6847.7,6526,6635.53,-1.893663,0.047563,0,-0.228496,-7.318099,-5.863285
06/04/2018,08:00,6635.53,6666.04,6510,6622.34,-0.198778,0.023516,0,-2.252218,-9.247905,-10.260703
06/04/2018,12:00,6622.34,6645.67,6555,6603.09,-0.290683,0.013692,0,-2.580986,-6.410588,-9.283138
06/04/2018,16:00,6603.09,6640.87,6559.87,6619.36,0.246400,0.012267,0,-2.186878,-2.599523,-10.556081
06/04/2018,20:00,6619.36,6638.63,6539.69,6618.33,-0.015560,0.014947,0,-2.253987,-3.500838,-11.387416
13/04/2018,00:00,7923.78,8000,7753.32,7825.13,-1.244987,0.031132,0,14.160042,16.103594,16.828729
13/04/2018,04:00,7818.23,8171,7756,8100,3.604013,0.053081,0,12.573668,14.456895,15.149913
13/04/2018,08:00,8094.98,8165.82,8010,8102.11,0.088079,0.019249,0,18.448619,18.275036,20.398304
13/04/2018,12:00,8095.1,8239.33,8029.14,8140.94,0.566268,0.025965,0,4.780359,17.990785,20.033748
13/04/2018,16:00,8140.94,8199,8049.22,8099.79,-0.505470,0.018398,0,6.741788,17.304611,19.342723
13/04/2018,20:00,8094.1,8116.69,7805,7896.92,-2.436095,0.038508,0,5.333363,17.102141,18.191549
20/04/2018,00:00,8273,8390,8270.21,8331.89,0.711834,0.014480,0,1.225646,4.842685,2.710474
20/04/2018,04:00,8331.99,8351.87,8216.9,8321,-0.131901,0.016199,0,1.870522,5.065786,3.714404
20/04/2018,08:00,8327.09,8546.31,8283.16,8523.78,2.362050,0.031602,0,2.001921,2.602429,2.606980
20/04/2018,12:00,8520,8567.68,8441.34,8463.15,-0.667254,0.014829,0,3.956826,5.055876,4.914738
20/04/2018,16:00,8469.46,8545.6,8453.5,8511.04,0.490940,0.010874,0,2.922230,5.859517,4.774146
20/04/2018,20:00,8515.26,8934,8480,8861,4.060240,0.053316,0,3.232040,4.959768,8.166959
27/04/2018,00:00,9277.32,9303.53,9145.32,9160.23,-1.262110,0.017053,0,4.768455,-3.845628,3.749944
27/04/2018,04:00,9160.23,9257.18,9135,9228.74,0.747907,0.013338,0,4.034649,-2.284730,-0.382041
27/04/2018,08:00,9237.95,9387.82,9214.16,9311.48,0.795956,0.018799,0,4.422671,-1.890930,0.097736
27/04/2018,12:00,9319.7,9350,9156,9230,-0.962477,0.020816,0,5.240276,1.856315,0.211936
27/04/2018,16:00,9234.52,9300,9076.44,9091.58,-1.547888,0.024209,1,9.033162,13.433092,39.851494
27/04/2018,20:00,9091.57,9164.67,8901.09,8921.43,-1.871404,0.028992,0,2.510221,1.445771,-3.920102
04/05/2018,00:00,9737,9747.34,9527.38,9565.73,-1.758961,0.022590,0,5.607375,7.390619,5.338773
04/05/2018,04:00,9570.21,9695,9565.73,9665,0.990469,0.013508,0,3.652338,5.917997,6.976336
04/05/2018,08:00,9674.17,9784.73,9610.47,9721.72,0.491515,0.018013,0,4.803954,5.758339,7.764260
04/05/2018,12:00,9732.07,9760.12,9565.85,9600,-1.357060,0.019962,0,5.633760,6.410614,8.339354
04/05/2018,16:00,9603.56,9689.2,9562.6,9644.82,0.429632,0.013183,0,1.949702,5.014669,7.803543
04/05/2018,20:00,9644.82,9750,9628.56,9696.57,0.536557,0.012591,0,0.068062,5.847222,7.665791
11/05/2018,00:00,9007.19,9018.38,8860.53,8917.96,-0.990653,0.017525,0,-3.236830,-1.898705,-3.736324
11/05/2018,04:00,8913.71,9006.39,8685.08,8740.2,-1.946552,0.036047,0,-4.386213,-1.407919,-5.409171
11/05/2018,08:00,8740,8831.3,8606,8606,-1.533181,0.025778,0,-6.708651,-3.136536,-6.563238
11/05/2018,12:00,8605,8659.96,8503.74,8582.33,-0.263451,0.018155,0,-7.760153,-7.125688,-6.110202
11/05/2018,16:00,8582.61,8684.3,8560,8613.5,0.359914,0.014483,0,-7.978260,-7.438176,-6.453814
11/05/2018,20:00,8606.27,8637.98,8351,8411.42,-2.264047,0.033345,0,-5.307395,-7.173096,-6.851896
18/05/2018,00:00,8058.16,8068.92,7929.53,7991.99,-0.821155,0.017298,0,-3.353535,-4.996823,-7.105515
18/05/2018,04:00,8002.99,8170.71,7953.4,8088.95,1.074099,0.027154,0,-4.144443,-1.980599,-8.169832
18/05/2018,08:00,8095.11,8152.99,8049.22,8115,0.245704,0.012819,0,-1.751220,-1.673054,-7.378604
18/05/2018,12:00,8115.01,8143.72,8043.96,8117.09,0.025632,0.012293,0,-2.305774,-3.081213,-7.350208
18/05/2018,16:00,8117.14,8275.1,8088.46,8231.42,1.407885,0.022993,0,-2.179561,-1.940380,-4.815656
18/05/2018,20:00,8235.61,8274.1,8211,8248.87,0.161008,0.007662,0,0.725020,-0.186523,-3.738436
25/05/2018,00:00,7579.3,7661.07,7508.74,7600.8,0.283667,0.020098,0,0.922904,-5.068650,-9.804920
25/05/2018,04:00,7599.8,7657.13,7380,7421.99,-2.339667,0.036465,0,-0.301465,-4.522487,-8.721966
25/05/2018,08:00,7419.79,7490,7328.13,7456.83,0.499206,0.021816,0,-1.946587,-5.557260,-10.724762
25/05/2018,12:00,7456.9,7543.27,7415.2,7500,0.577988,0.017175,0,1.120243,-5.138999,-9.044559
25/05/2018,16:00,7500.01,7509.7,7361.85,7427.02,-0.973199,0.019713,1,-7.602801,-12.613879,-21.903856
25/05/2018,20:00,7427.01,7505.99,7360.5,7471.18,0.594721,0.019589,0,-1.989245,-2.276056,-9.293856
01/06/2018,00:00,7492.28,7538.23,7452.35,7493.29,0.013481,0.011462,0,1.581422,0.305645,5.344057
01/06/2018,04:00,7494.75,7620.01,7469.47,7575.94,1.083292,0.020086,0,1.757980,0.127853,5.353604
01/06/2018,08:00,7566.11,7605.32,7348.45,7359.99,-2.724253,0.033950,0,0.120418,0.970860,5.767206
01/06/2018,12:00,7358.77,7450,7350.28,7436.55,1.056970,0.013551,0,-2.273841,-1.899417,-0.492886
01/06/2018,16:00,7436.5,7454.05,7388.32,7436.58,0.001076,0.008839,0,-1.608219,1.378110,0.155017
01/06/2018,20:00,7436.69,7542.85,7394.4,7511.6,1.007303,0.019962,0,-1.251897,1.711956,-0.445917
08/06/2018,00:00,7676.41,7697,7621.39,7635,-0.539445,0.009850,0,0.227445,0.767001,2.420550
08/06/2018,04:00,7635,7664.39,7607.82,7632,-0.039293,0.007409,0,-1.128700,0.394609,3.058412
08/06/2018,08:00,7632.06,7650,7542,7565.64,-0.870276,0.014151,0,-0.895208,0.133563,3.020535
08/06/2018,12:00,7557.01,7657.13,7542.01,7637.45,1.064442,0.015234,0,-1.754685,-0.776899,1.864755
08/06/2018,16:00,7637.45,7659.99,7622.64,7630.7,-0.088380,0.004890,0,-0.644466,-0.179319,0.877824
08/06/2018,20:00,7630.9,7671.81,7599.1,7618.11,-0.167608,0.009528,0,-0.776917,1.367032,0.146462
15/06/2018,00:00,6638.8,6653.5,6555.68,6607.86,-0.466048,0.014735,0,5.235960,1.237332,-3.516472
15/06/2018,04:00,6597.25,6624.79,6538.18,6585.37,-0.180075,0.013128,0,1.518800,0.520180,-3.226398
15/06/2018,08:00,6580.01,6666.66,6473,6530,-0.760029,0.029432,0,1.495279,0.394559,-3.706983
15/06/2018,12:00,6533.88,6556.65,6482.33,6530,-0.059383,0.011375,0,0.000612,1.085443,-4.483538
15/06/2018,16:00,6542.5,6624.79,6514.7,6551.46,0.136951,0.016827,0,2.929377,2.436878,-3.300280
15/06/2018,20:00,6550.94,6557.82,6370,6390.6,-2.447588,0.028671,0,-1.410901,4.208298,0.600908
22/06/2018,00:00,6718.33,6737.97,6617.77,6672.35,-0.684396,0.017891,0,-0.566409,-0.150258,0.104749
22/06/2018,04:00,6668.17,6680.01,6477.57,6512.93,-2.328075,0.030359,0,-1.505445,0.896210,-0.223549
22/06/2018,08:00,6513.81,6525.54,6300,6366.06,-2.268258,0.034625,0,-3.654976,-1.752489,-2.765749
22/06/2018,12:00,6361.82,6373.98,6085.59,6159.71,-3.176921,0.045331,0,-5.493758,-4.045381,-5.397351
22/06/2018,16:00,6158.6,6250,6122.07,6194.37,0.580814,0.020773,0,-8.377345,-8.910059,-8.728624
22/06/2018,20:00,6201.63,6220,5940,6050.45,-2.437746,0.045149,0,-7.713839,-8.162776,-8.105621
29/06/2018,00:00,5845.2,5905.56,5842.72,5872.5,0.467050,0.010751,0,-4.733655,-3.766717,-6.510905
29/06/2018,04:00,5872.54,5949,5774.72,5889.53,0.289313,0.029677,0,-3.658096,-2.817890,-5.784148
29/06/2018,08:00,5886.06,5924.47,5832.68,5873.57,-0.212196,0.015594,0,-3.699183,-3.169736,-5.421725
29/06/2018,12:00,5871.42,5909.99,5809.82,5896.02,0.418979,0.017061,0,-3.904589,-3.691796,-5.299677
29/06/2018,16:00,5900.8,5908.54,5861.57,5876.69,-0.408589,0.007960,1,-4.186016,-9.808177,-22.738610
29/06/2018,20:00,5877.48,6299,5877.48,6204.24,5.559526,0.071718,0,-3.394636,-4.308143,-4.700537
06/07/2018,00:00,6533.69,6547.29,6505,6529.5,-0.064129,0.006473,0,-0.637659,0.394899,-1.086525
06/07/2018,04:00,6525.99,6531.99,6449.76,6489.18,-0.564052,0.012600,0,-1.449715,0.846051,-1.551999
06/07/2018,08:00,6488.14,6549.15,6472.09,6524.24,0.556400,0.011877,0,-1.829758,0.219496,-2.353812
06/07/2018,12:00,6530.46,6636.15,6524.34,6562.87,0.496290,0.017121,0,-1.334832,0.079077,-0.698709
06/07/2018,16:00,6565.67,6630.24,6526.28,6567.12,0.022085,0.015834,0,-0.582062,-1.744181,-0.265375
06/07/2018,20:00,6564.61,6624.79,6558.5,6596.53,0.486244,0.010098,0,0.877138,-1.844212,-0.671209
13/07/2018,00:00,6243.53,6284.05,6214.94,6249.87,0.101545,0.011069,0,-2.125682,-0.966302,-6.348221
13/07/2018,04:00,6248.2,6264.75,6212.21,6249.19,0.015845,0.008409,0,-1.482446,-1.384954,-5.798598
13/07/2018,08:00,6247.92,6250,6226.18,6241.75,-0.098753,0.003812,0,1.091505,-1.583226,-5.415659
13/07/2018,12:00,6240.4,6286.36,6224.15,6259.88,0.312159,0.009969,0,1.187417,-2.143301,-1.907340
13/07/2018,16:00,6259.88,6337.25,6166.44,6174.99,-1.356096,0.027286,0,1.482385,-1.605774,-1.977862
13/07/2018,20:00,6177.35,6248.94,6121.01,6215.59,0.619036,0.020710,0,-0.032851,-2.764682,-3.110271
20/07/2018,00:00,7474.35,7475.99,7367.09,7464.99,-0.125228,0.014570,0,1.210981,2.238360,11.205423
20/07/2018,04:00,7464.99,7466.48,7338.91,7439.8,-0.337442,0.017089,0,1.986589,0.067963,10.775265
20/07/2018,08:00,7438.04,7514.47,7425,7494,0.752349,0.012029,0,1.740021,0.019633,11.021156
20/07/2018,12:00,7494,7517.84,7431.1,7471.67,-0.297972,0.011575,0,1.029983,1.056958,12.148861
20/07/2018,16:00,7471.46,7696.88,7265,7344.97,-1.692976,0.057804,0,1.077270,0.723259,10.228114
20/07/2018,20:00,7344.99,7375,7276.43,7330.84,-0.192648,0.013420,0,-1.384115,-0.659745,0.683470
27/07/2018,00:00,7926,7941.73,7853.2,7881.96,-0.555640,0.011170,0,-3.034722,-5.580810,2.768766
27/07/2018,04:00,7882.83,7943.99,7877.36,7912.54,0.376895,0.008453,0,-4.156509,-5.775851,1.689792
27/07/2018,08:00,7914.52,7995,7909.75,7929.16,0.184976,0.010771,0,-3.886430,-5.071516,-1.241204
27/07/2018,12:00,7929.16,8191.14,7798.48,8152,2.810386,0.049521,0,-3.953001,-3.072665,-3.835001
27/07/2018,16:00,8149.99,8274.98,8149.99,8208.76,0.721105,0.015336,1,9.081625,30.194029,24.130363
27/07/2018,20:00,8207.01,8274.98,8122.39,8183.05,-0.291946,0.018593,0,-0.651869,0.473290,-0.718571
03/08/2018,00:00,7535,7535,7314,7332.59,-2.686264,0.029330,0,-0.858133,-2.482901,-7.685108
03/08/2018,04:00,7330.2,7394.09,7286.41,7393.06,0.857548,0.014690,0,-4.121361,-2.717725,-9.695350
03/08/2018,08:00,7392.14,7423.66,7329.92,7362.35,-0.402996,0.012681,0,-3.557427,-2.150866,-8.941814
03/08/2018,12:00,7362.35,7490,7349.47,7480.36,1.602885,0.019088,0,-2.644681,-2.638501,-7.678890
03/08/2018,16:00,7480.36,7542.92,7357.26,7377.98,-1.368651,0.024820,0,-0.569571,-1.605024,-3.469510
03/08/2018,20:00,7377.99,7448.86,7357.26,7416.98,0.528464,0.012415,0,-2.141536,-2.412703,-4.824199
10/08/2018,00:00,6544.98,6584.05,6456.86,6465.9,-1.208254,0.019433,0,4.154910,-2.570683,-5.585545
10/08/2018,04:00,6465.9,6481.96,6381,6468.04,0.033097,0.015614,0,2.308544,-1.876456,-6.688352
10/08/2018,08:00,6465.07,6473.34,6295.73,6328.93,-2.105778,0.027472,0,2.247038,0.124826,-7.917709
10/08/2018,12:00,6329.71,6526.28,6307.19,6451.22,1.919677,0.034613,0,0.099155,-2.762113,-10.626350
10/08/2018,16:00,6451.22,6460,6336.58,6407.89,-0.671656,0.019131,0,0.019070,-0.490359,-9.293736
10/08/2018,20:00,6404.8,6404.8,5995.75,6139.99,-4.134555,0.063866,0,-0.994874,1.152431,-8.500112
17/08/2018,00:00,6314.08,6444.49,6290.64,6414.69,1.593423,0.024366,0,0.649415,1.933713,0.982786
17/08/2018,04:00,6413.55,6527.35,6411.01,6495.33,1.275113,0.018140,0,2.301221,1.846838,7.012175
17/08/2018,08:00,6493.54,6562,6405,6467.53,-0.400552,0.024178,0,1.799090,1.375868,7.597833
17/08/2018,12:00,6465.36,6518.56,6435.04,6483.89,0.286604,0.012918,0,0.416866,1.768613,7.536268
17/08/2018,16:00,6481.79,6558,6461.13,6501.77,0.308248,0.014945,0,1.129750,0.553044,7.441947
17/08/2018,20:00,6497.92,6584.49,6450.02,6580.15,1.265482,0.020694,0,1.414483,1.955665,6.803419
24/08/2018,00:00,6525.99,6537.99,6469.8,6493.65,-0.495557,0.010449,0,2.674965,0.725422,4.235221
24/08/2018,04:00,6492.92,6552.01,6473.94,6536.99,0.678739,0.012024,0,1.430480,-3.513989,3.000585
24/08/2018,08:00,6537.98,6570,6511.23,6537.99,0.000153,0.008989,0,1.537353,-1.704909,2.224939
24/08/2018,12:00,6534.74,6563.98,6445.32,6503.51,-0.477907,0.018158,0,2.075966,-1.998353,1.530081
24/08/2018,16:00,6505.25,6646.59,6498.05,6619.99,1.763806,0.022834,0,1.038615,0.887872,1.274563
24/08/2018,20:00,6617.17,6721.09,6597.67,6692.94,1.145051,0.018651,0,3.056416,2.873449,2.835239
31/08/2018,00:00,6984.34,6987.02,6926.38,6967.74,-0.237675,0.008682,0,-0.712634,-1.343605,1.050972
31/08/2018,04:00,6967.74,7018.15,6948.14,6958,-0.139787,0.010048,0,-0.701585,-1.088240,1.289571
31/08/2018,08:00,6958,6984.33,6929.32,6963,0.071860,0.007906,0,-0.242869,-1.355616,0.476389
31/08/2018,12:00,6960.65,6992.26,6879,6950.41,-0.147113,0.016271,0,1.346944,-1.715581,-0.979726
31/08/2018,16:00,6950.89,7101.03,6943.03,7041,1.296381,0.022731,1,6.850467,7.237198,7.745357
31/08/2018,20:00,7041,7055.69,6998.87,7017.35,-0.335890,0.008070,0,3.323946,0.633731,-0.737176
07/09/2018,00:00,6488.01,6525,6455,6488.62,0.009402,0.010789,0,-2.756915,-11.769530,-10.649347
07/09/2018,04:00,6488.62,6523.79,6445.31,6487.13,-0.022963,0.012095,0,1.154245,-11.938830,-10.699363
07/09/2018,08:00,6487.89,6489.23,6322,6369.88,-1.818927,0.025776,0,1.358236,-11.997944,-11.246375
07/09/2018,12:00,6369.88,6477.48,6358.01,6374.26,0.068761,0.018755,0,-0.512130,-8.853014,-13.175374
07/09/2018,16:00,6372.99,6480.58,6358,6417.53,0.698887,0.019234,0,-0.569623,-8.747405,-13.563136
07/09/2018,20:00,6418.99,6450.24,6385,6400,-0.295841,0.010164,0,-0.523188,-6.969676,-12.625196
14/09/2018,00:00,6482.95,6579,6451.29,6550,1.034251,0.019699,0,2.467586,3.320530,2.838837
14/09/2018,04:00,6550,6587,6535,6549.55,-0.006870,0.007939,0,2.605554,4.675060,3.313769
14/09/2018,08:00,6549.99,6554.43,6384.36,6461.11,-1.356949,0.025965,0,2.637232,4.947943,3.960339
14/09/2018,12:00,6461.11,6485,6427.01,6481.98,0.323010,0.008975,0,-0.044555,3.599546,3.125309
14/09/2018,16:00,6481.99,6543.09,6453.55,6540.21,0.898181,0.013814,0,0.002468,3.463528,3.676673
14/09/2018,20:00,6539.03,6541.99,6461.42,6476.51,-0.956105,0.012321,0,1.474075,3.647375,4.417316
21/09/2018,00:00,6492.98,6570,6483.83,6549.99,0.878025,0.013271,0,1.637030,2.574724,3.862919
21/09/2018,04:00,6552.99,6658.64,6519.56,6644.11,1.390510,0.021224,0,2.422636,3.221726,4.930441
21/09/2018,08:00,6645.86,6771,6645.86,6740.21,1.419681,0.018830,0,3.787885,4.618354,5.758602
21/09/2018,12:00,6738.91,6772.21,6666.13,6686.77,-0.773716,0.015741,0,4.850999,7.219898,7.171131
21/09/2018,16:00,6686.77,6775.34,6680,6753.09,0.991809,0.014258,0,4.237614,5.669063,5.187675
21/09/2018,20:00,6752.07,6775.34,6691.28,6749.45,-0.038803,0.012450,0,5.195534,5.327468,7.118754
28/09/2018,00:00,6684.5,6721.57,6681.62,6697.97,0.201511,0.005977,0,3.566294,3.988899,1.608220
28/09/2018,04:00,6698.27,6792.28,6682.16,6767.64,1.035641,0.016440,0,3.084405,4.937898,3.717129
28/09/2018,08:00,6764.14,6769.67,6561.21,6644.49,-1.768887,0.030818,0,4.834955,4.958911,6.103990
28/09/2018,12:00,6649.85,6680.17,6566.15,6653.53,0.055340,0.017146,0,2.605150,1.996414,4.033949
28/09/2018,16:00,6653.54,6695.88,6525.67,6670,0.247387,0.025582,1,-0.496951,2.646564,4.402172
28/09/2018,20:00,6669.44,6678.62,6608.26,6610.76,-0.879834,0.010550,0,0.200418,2.803519,4.901036
05/10/2018,00:00,6548.83,6594.94,6510,6538.6,-0.156211,0.012970,0,1.456588,0.751231,-0.311904
05/10/2018,04:00,6538.6,6555.37,6524.5,6525,-0.207996,0.004721,0,-0.318926,1.848145,-0.376335
05/10/2018,08:00,6524.8,6548.03,6519.99,6539.26,0.221616,0.004297,0,-0.149665,1.708918,-0.293399
05/10/2018,12:00,6539.25,6554.24,6531,6547.49,0.126008,0.003554,0,0.227761,1.410921,0.012847
05/10/2018,16:00,6548.28,6557.02,6530.34,6538.29,-0.152559,0.004074,0,-0.027175,1.090365,0.329873
05/10/2018,20:00,6538.29,6641.35,6532.03,6582.12,0.670359,0.016720,0,-0.422023,1.652203,0.119440
12/10/2018,00:00,6152.76,6191.28,6109.79,6189.58,0.598431,0.013244,0,-5.597042,-6.616763,-6.843549
12/10/2018,04:00,6191.28,6238.27,6177.71,6224.83,0.541891,0.009781,0,-0.486375,-5.301558,-6.271970
12/10/2018,08:00,6223.57,6243.79,6192.95,6208.8,-0.237324,0.008169,0,0.318837,-4.120751,-5.693340
12/10/2018,12:00,6205.09,6230.68,6199.11,6221.34,0.261882,0.005088,0,0.412161,-4.504021,-5.760451
12/10/2018,16:00,6221.53,6222.82,6185.7,6215.73,-0.093225,0.005966,0,0.483559,-4.175799,-5.375106
12/10/2018,20:00,6215.73,6222.91,6172.22,6185.15,-0.491978,0.008155,0,0.336568,-4.925257,-5.589537
19/10/2018,00:00,6394.23,6412.4,6380.77,6391.05,-0.049732,0.004947,0,-0.711794,-0.982398,-0.682955
19/10/2018,04:00,6392.78,6401.74,6358.5,6360.68,-0.502129,0.006764,0,-1.031059,-0.924151,-0.493115
19/10/2018,08:00,6359.02,6402.24,6355.99,6388.21,0.459033,0.007273,0,-1.333139,-1.136484,-1.405651
19/10/2018,12:00,6389.45,6391,6361.1,6385.58,-0.060569,0.004680,0,-0.669258,-0.781703,-0.962406
19/10/2018,16:00,6385,6397.21,6376,6386.45,0.022709,0.003322,0,-0.884972,-0.920039,-0.838640
19/10/2018,20:00,6386.45,6395,6375,6383.46,-0.046818,0.003132,0,-0.210627,-0.652573,-0.762641
26/10/2018,00:00,6393.38,6403.76,6385.45,6389.2,-0.065380,0.002864,0,-0.289771,-0.044714,-0.249790
26/10/2018,04:00,6389.2,6395,6377.81,6385.68,-0.055093,0.002690,0,-0.011111,-0.429035,-0.084759
26/10/2018,08:00,6382.72,6450.3,6382.5,6417.72,0.548356,0.010622,0,-0.253324,-0.835239,-0.224477
26/10/2018,12:00,6417.72,6419.99,6383.76,6394.96,-0.354643,0.005645,0,0.413217,-0.150605,0.648962
26/10/2018,16:00,6393.83,6410.24,6393.73,6403.78,0.155619,0.002582,1,0.138293,2.769415,-2.358635
26/10/2018,20:00,6402.96,6409.07,6388.54,6406.1,0.049040,0.003206,0,-0.109828,-0.285923,-0.016396
02/11/2018,00:00,6343.85,6381.25,6340.88,6356.31,0.196411,0.006364,0,0.624157,1.186707,1.234826
02/11/2018,04:00,6356.44,6365.2,6341.32,6347.81,-0.135768,0.003757,0,0.989970,1.410815,1.348402
02/11/2018,08:00,6347.81,6352.75,6328.33,6350.59,0.043795,0.003847,0,0.593787,1.337963,1.268931
02/11/2018,12:00,6351.36,6371.56,6340,6357,0.088800,0.004969,0,0.662487,1.328152,1.485364
02/11/2018,16:00,6357,6365,6343.76,6355.74,-0.019821,0.003341,0,0.824582,0.418132,1.442245
02/11/2018,20:00,6350.37,6364.98,6340.1,6350.43,0.000945,0.003918,0,0.471000,0.719588,1.469869
09/11/2018,00:00,6405.49,6418.18,6386.98,6402.28,-0.050113,0.004871,0,-1.469159,-0.661893,0.008119
09/11/2018,04:00,6398.59,6415.29,6395.29,6405.88,0.113931,0.003126,0,-0.663528,-1.710159,0.125967
09/11/2018,08:00,6400.79,6418.13,6331,6349.9,-0.795058,0.013612,0,-0.767561,-1.621054,0.087879
09/11/2018,12:00,6351.88,6365.24,6309,6344.58,-0.114927,0.008854,0,-1.612763,-2.349829,-0.724574
09/11/2018,16:00,6342.3,6348.36,6327.47,6340.01,-0.036107,0.003294,0,-1.811190,-2.422101,-1.338295
09/11/2018,20:00,6340,6345,6307,6325,-0.236593,0.005994,0,-1.122278,-2.494390,-1.144787
16/11/2018,00:00,5571.12,5610,5520.93,5570.74,-0.006821,0.015988,0,-0.377488,-10.945577,-11.821602
16/11/2018,04:00,5570.75,5570.75,5503.93,5513.41,-1.029305,0.011995,0,0.306099,-11.044062,-11.505303
16/11/2018,08:00,5504.22,5576.32,5466.06,5543.69,0.717086,0.020032,0,-1.056624,-12.315067,-12.658740
16/11/2018,12:00,5544,5564.58,5513.66,5534.63,-0.169012,0.009185,0,2.607192,-10.689115,-11.806955
16/11/2018,16:00,5534.62,5559.99,5493.43,5505,-0.535177,0.012026,0,1.427226,-8.639033,-11.918198
16/11/2018,20:00,5503.44,5528,5411.74,5508.71,0.095758,0.021125,0,-0.672657,-0.468410,-12.252567
23/11/2018,00:00,4268.4,4319.44,4132.6,4214.01,-1.274248,0.043773,0,-6.219309,-1.862551,-9.814660
23/11/2018,04:00,4214.73,4286.04,4061.02,4222.45,0.183167,0.053389,0,-6.985474,-4.985482,-12.177573
23/11/2018,08:00,4221.35,4364.46,4221.35,4295.96,1.767444,0.033901,0,-6.620936,-5.617327,-7.441556
23/11/2018,12:00,4292.87,4305,4222.57,4275,-0.416272,0.019202,0,-3.570017,-4.568109,-0.702942
23/11/2018,16:00,4275.4,4276.83,4165,4232.08,-1.013239,0.026157,0,-4.022377,-5.190632,-9.991579
23/11/2018,20:00,4236.01,4344.22,4205.47,4288.26,1.233472,0.032755,0,-3.619713,-3.931410,-5.832125
30/11/2018,00:00,4250,4290.32,4168.08,4255,0.117647,0.028762,0,0.716390,12.701902,14.022332
30/11/2018,04:00,4252,4300,4148.71,4166.37,-2.013876,0.035581,0,3.040319,10.534292,15.598765
30/11/2018,08:00,4166.37,4200.34,3920.35,3941.68,-5.392944,0.067202,0,0.149273,3.729550,11.450629
30/11/2018,12:00,3940.83,4019.3,3861,3968.97,0.714063,0.040169,0,-9.301956,-1.647433,7.978299
30/11/2018,16:00,3968.97,4024.57,3955,3969.62,0.016377,0.017528,1,-7.167283,-28.288302,-37.420652
30/11/2018,20:00,3966.86,3992.43,3872.84,3971.06,0.105877,0.030147,0,-5.280325,-7.289062,7.105905
07/12/2018,00:00,3437.22,3476.56,3300,3332.5,-3.046648,0.051367,0,-6.952028,-11.945629,-10.274328
07/12/2018,04:00,3336.02,3418.29,3328.54,3381.07,1.350412,0.026903,0,-10.116180,-12.978537,-12.600767
07/12/2018,08:00,3375.05,3418.3,3336.95,3381,0.176294,0.024103,0,-11.530719,-11.208598,-15.043283
07/12/2018,12:00,3380.76,3422.88,3309.13,3314.68,-1.954590,0.033646,0,-10.324668,-12.628766,-14.627273
07/12/2018,16:00,3309.13,3531,3210,3466.32,4.750191,0.097004,0,-8.863998,-13.524553,-16.771756
07/12/2018,20:00,3468.42,3468.62,3311,3380.68,-2.529682,0.045444,0,-4.559038,-6.172445,-11.247755
14/12/2018,00:00,3263.55,3294.81,3200,3250.54,-0.398646,0.029051,0,-4.858317,-2.435269,-4.193858
14/12/2018,04:00,3250.28,3276.24,3241.01,3261.35,0.340586,0.010839,0,-4.012805,-2.725836,-3.962605
14/12/2018,08:00,3262.69,3280.97,3245.12,3254.5,-0.251020,0.010988,0,-3.381524,-3.444714,-3.939644
14/12/2018,12:00,3254.8,3275.46,3215.94,3227.42,-0.841219,0.018287,0,-3.251888,-4.606430,-2.630193
14/12/2018,16:00,3229.99,3233.4,3158,3180.87,-1.520748,0.023344,0,-4.886998,-6.393923,-2.826757
14/12/2018,20:00,3179.2,3260.26,3135.55,3195.75,0.520571,0.039227,0,-4.174579,-7.334107,-4.552892
21/12/2018,00:00,4073.58,4162,3975,4045,-0.701594,0.045906,0,10.574018,11.082691,16.408954
21/12/2018,04:00,4045,4058.4,3894.05,4010.93,-0.842274,0.040630,0,9.009963,7.804859,14.634050
21/12/2018,08:00,4011.11,4067.89,3955.3,4024.49,0.333573,0.028070,0,7.303443,8.116173,14.647364
21/12/2018,12:00,4020,4094,3957.39,3967.68,-1.301493,0.033983,0,0.005224,5.364135,15.551110
21/12/2018,16:00,3972.42,4002.89,3791,3812.1,-4.035827,0.053340,0,-1.245733,5.417605,13.146959
21/12/2018,20:00,3812.64,3864.64,3770,3841.08,0.745940,0.024823,0,-5.753230,1.205395,7.915086
28/12/2018,00:00,3590.26,3619,3587.89,3595.81,0.154585,0.008665,0,-5.767701,-5.019577,-11.011912
28/12/2018,04:00,3594.02,3616.99,3575,3603.21,0.255703,0.011683,0,-3.857708,-6.256814,-3.697213
28/12/2018,08:00,3600.36,3642.58,3594.84,3639.37,1.083503,0.013260,0,-3.757879,-4.716839,-4.424694
28/12/2018,12:00,3639.44,3871.53,3597.48,3826.18,5.131009,0.075300,0,-2.856304,-3.065880,-3.083175
28/12/2018,16:00,3826.19,3970,3826.18,3883.84,1.506721,0.037588,1,-3.681131,18.458261,15.625255
28/12/2018,20:00,3875.69,3921.35,3850.02,3884.97,0.239441,0.018404,0,7.311677,1.994258,3.584868
04/01/2019,00:00,3785.64,3806,3750,3799.33,0.361630,0.014793,0,-2.689531,-1.039627,2.484941
04/01/2019,04:00,3800.13,3850.33,3775.85,3799.71,-0.011052,0.019599,0,-1.948576,0.026585,3.233544
04/01/2019,08:00,3801.21,3819.23,3776.26,3785,-0.426443,0.011304,0,-1.235719,0.113514,2.734017
04/01/2019,12:00,3785,3795.04,3732.38,3751.04,-0.897226,0.016555,0,-1.431008,-0.667379,2.310570
04/01/2019,16:00,3751.8,3777.98,3744.37,3759.75,0.211898,0.008958,0,-2.335534,-1.663578,1.875511
04/01/2019,20:00,3759.75,3850.33,3753.92,3817.71,1.541592,0.025643,0,-0.565965,-2.342888,1.648107
11/01/2019,00:00,3627.65,3657.56,3605,3622.05,-0.154370,0.014489,0,-9.378755,-9.189561,-9.421973
11/01/2019,04:00,3620.1,3645,3582.39,3643.65,0.650535,0.017295,0,-9.800570,-9.921768,-9.099583
11/01/2019,08:00,3643.2,3677.84,3605.73,3640,-0.087835,0.019793,0,-4.212525,-9.260274,-8.506909
11/01/2019,12:00,3639.99,3658.12,3612.99,3635.3,-0.128847,0.012398,0,-3.984901,-9.565466,-9.717544
11/01/2019,16:00,3635.2,3666.91,3634.2,3650.4,0.418134,0.008998,0,-3.847222,-8.921905,-9.837245
11/01/2019,20:00,3650.4,3704.6,3569.85,3632.02,-0.503506,0.036914,0,0.359054,-9.066678,-9.101322
18/01/2019,00:00,3638.01,3641.9,3619.23,3622.46,-0.427431,0.006231,0,0.789860,1.707894,-0.716921
18/01/2019,04:00,3624.02,3631.99,3611.16,3625.86,0.050772,0.005748,0,1.142875,0.740819,-1.225139
18/01/2019,08:00,3625.86,3634.45,3600.12,3613.73,-0.334541,0.009468,0,0.927477,1.320628,-1.123785
18/01/2019,12:00,3613.01,3628.25,3582.82,3623.66,0.294768,0.012574,0,0.426387,-0.079372,-0.937703
18/01/2019,16:00,3623.72,3629.42,3577,3599.17,-0.677481,0.014466,0,0.313087,0.282273,-0.202695
18/01/2019,20:00,3600.02,3621.99,3598.2,3609.21,0.255276,0.006608,0,-0.747423,0.077281,-0.859761
25/01/2019,00:00,3570.67,3578.79,3564.96,3569.72,-0.026606,0.003873,0,0.491669,-0.105471,1.108874
25/01/2019,04:00,3569.72,3575,3546.58,3565.38,-0.121578,0.007961,0,0.997035,-0.332808,0.836415
25/01/2019,08:00,3564.04,3568.46,3511,3534.39,-0.831921,0.016122,0,0.559220,-0.067854,1.214044
25/01/2019,12:00,3533.9,3570,3528.38,3567.35,0.946546,0.011777,0,-0.670926,-1.218728,-0.253748
25/01/2019,16:00,3567.34,3572,3537.26,3546.56,-0.582507,0.009738,1,-1.555860,-1.866747,-4.916573
25/01/2019,20:00,3546.53,3569.75,3540,3560,0.379808,0.008388,0,-0.838802,0.326167,-0.914988
01/02/2019,00:00,3413.69,3421.77,3364.53,3394.09,-0.574159,0.016768,0,-0.707097,0.661703,-0.516986
01/02/2019,04:00,3394.48,3396.95,3372.35,3377.1,-0.512008,0.007247,0,-1.532499,-0.295781,-0.350222
01/02/2019,08:00,3380,3442.89,3378.76,3419.75,1.176036,0.018973,0,-2.038356,-0.972984,0.610809
01/02/2019,12:00,3419.68,3445.15,3419.68,3432,0.360268,0.007448,0,0.323589,0.146133,1.242258
01/02/2019,16:00,3432,3460,3418,3441.86,0.287296,0.012238,0,0.451035,-0.344670,0.856931
01/02/2019,20:00,3444.51,3458.69,3434.02,3434.83,-0.281027,0.007162,0,0.958140,0.197223,1.007877
08/02/2019,00:00,3358.39,3365,3337.91,3359.74,0.040198,0.008066,0,-0.166766,-2.139396,-1.508002
08/02/2019,04:00,3359.73,3367.29,3353.34,3355.79,-0.117271,0.004152,0,-0.436809,-0.556749,-1.576946
08/02/2019,08:00,3355.78,3410,3355.78,3393.04,1.110323,0.016157,0,-0.506985,-0.671312,-1.780132
08/02/2019,12:00,3392.74,3453.04,3388.38,3452.18,1.751976,0.019058,0,0.733364,0.919740,-0.861429
08/02/2019,16:00,3451.74,3711.04,3438.75,3638.13,5.399885,0.078885,0,2.574663,2.333510,0.957590
08/02/2019,20:00,3637.8,3637.8,3572.74,3622.94,-0.408489,0.017884,0,8.353960,8.156482,6.238884
15/02/2019,00:00,3560.45,3579.37,3557.71,3573.3,0.360909,0.006084,0,-0.407272,-0.704186,-0.795210
15/02/2019,04:00,3574,3586.85,3567.77,3576.52,0.070509,0.005339,0,0.087934,-0.734630,0.008395
15/02/2019,08:00,3575.14,3599,3562.59,3574.88,-0.007272,0.010184,0,0.223988,-0.383127,-0.054234
15/02/2019,12:00,3572.94,3620.53,3544.88,3556.46,-0.461245,0.021173,0,0.533769,0.082353,0.110676
15/02/2019,16:00,3556.05,3569.76,3554.84,3562.62,0.184756,0.004196,0,-0.298595,-0.112077,-0.440954
15/02/2019,20:00,3562.67,3570.18,3556.6,3566.29,0.101609,0.003812,0,-0.280740,-0.176801,-1.018248
22/02/2019,00:00,3900.64,3924.1,3895.37,3911.1,0.268161,0.007365,0,-0.918512,0.275584,0.766475
22/02/2019,04:00,3911.81,3924.5,3882.59,3890.9,-0.534535,0.010714,0,-0.667581,0.449374,1.123215
22/02/2019,08:00,3890.9,3933.02,3889.77,3925.55,0.890539,0.011116,0,-1.027398,-0.051632,0.043711
22/02/2019,12:00,3926.5,3957,3915.09,3929.34,0.072329,0.010674,0,0.835912,-0.068716,1.321449
22/02/2019,16:00,3929.34,3948.06,3920.12,3940.97,0.295978,0.007111,1,10.497321,13.836500,14.491259
22/02/2019,20:00,3940.95,3952.79,3925.96,3939.82,-0.028673,0.006808,0,1.263692,0.428118,-0.219262
01/03/2019,00:00,3791.02,3807.61,3789.94,3803.05,0.317329,0.004661,0,-0.144080,-0.089605,-0.704832
01/03/2019,04:00,3802.52,3809.86,3790,3809.64,0.187244,0.005223,0,0.026568,0.028673,-0.580955
01/03/2019,08:00,3809.92,3827.02,3802.69,3810,0.002100,0.006386,0,0.126409,0.023628,0.590619
01/03/2019,12:00,3808.6,3821.98,3801.98,3813.32,0.123930,0.005251,0,-0.335477,-0.075299,0.514104
01/03/2019,16:00,3814.68,3845.3,3813.26,3828.65,0.366217,0.008399,0,-0.752420,0.423314,0.191733
01/03/2019,20:00,3827.3,3839.89,3789.5,3807.05,-0.529094,0.013166,0,0.562021,0.711000,0.742546
08/03/2019,00:00,3856.78,3870.93,3844.97,3854.19,-0.067154,0.006731,0,0.143330,0.330639,4.275344
08/03/2019,04:00,3854.2,3924.37,3854.2,3872.25,0.468320,0.018206,0,-0.445312,0.930693,4.417323
08/03/2019,08:00,3871.91,3886.9,3855.35,3874.31,0.061985,0.008148,0,0.269325,0.793979,4.179100
08/03/2019,12:00,3874.52,3899.56,3867.79,3886.43,0.307393,0.008200,0,0.605264,0.602913,4.026527
08/03/2019,16:00,3886.4,3899.9,3876.38,3899.67,0.341447,0.006052,0,0.624762,0.934968,1.637912
08/03/2019,20:00,3899.92,3912.02,3760.1,3844.64,-1.417465,0.038955,0,0.976645,1.450776,1.336632
15/03/2019,00:00,3857.33,3870,3853.41,3857.71,0.009851,0.004301,0,0.239859,-0.104626,0.220065
15/03/2019,04:00,3857.06,3867.33,3843.09,3855.37,-0.043816,0.006285,0,0.168286,-0.258852,1.285415
15/03/2019,08:00,3855.37,3890,3849.77,3883.87,0.739229,0.010435,0,0.340161,-0.185629,0.874687
15/03/2019,12:00,3884.15,3912.06,3868.49,3901.76,0.453381,0.011217,0,1.068411,1.130514,0.625648
15/03/2019,16:00,3900.44,3907.97,3889.68,3905.53,0.130498,0.004689,0,1.155375,1.295659,1.333818
15/03/2019,20:00,3906.77,3907.99,3883.02,3901.21,-0.142317,0.006391,0,1.489835,1.387642,1.334520
22/03/2019,00:00,3974.5,3986.66,3970,3974.34,-0.004026,0.004192,0,-1.467635,-0.625078,0.114863
22/03/2019,04:00,3974.34,3976.19,3958.94,3966.34,-0.201291,0.004340,0,-1.370862,-0.053314,-0.018616
22/03/2019,08:00,3966.56,3984,3965.91,3983.64,0.430600,0.004561,0,-1.718080,-0.437001,0.110545
22/03/2019,12:00,3983.6,3999.5,3979.61,3984,0.010041,0.004993,0,-1.316164,-0.269130,0.440227
22/03/2019,16:00,3983.37,4000.81,3976,3991.43,0.202341,0.006228,0,0.408605,-0.386862,0.059533
22/03/2019,20:00,3988.59,3988.6,3974.25,3982.07,-0.163466,0.003598,0,0.379513,-0.602824,-0.101437
29/03/2019,00:00,4011,4032.88,4007.23,4027.4,0.408876,0.006395,0,-0.360204,2.254129,2.583120
29/03/2019,04:00,4028.4,4050.21,4005,4034.83,0.159617,0.011223,0,0.639049,1.232613,3.040519
29/03/2019,08:00,4034.99,4102.57,4016.66,4099.81,1.606448,0.021291,0,0.528930,1.260044,3.309761
29/03/2019,12:00,4097.8,4097.8,4061.05,4077.2,-0.502709,0.008968,0,2.393803,1.813755,5.176702
29/03/2019,16:00,4077.52,4095.53,4072.72,4077.4,-0.002943,0.005594,1,2.363577,4.540001,4.917662
29/03/2019,20:00,4076.64,4095.09,4070.99,4090,0.327721,0.005912,0,1.631685,1.788764,4.123150
05/04/2019,00:00,4911.14,4964.68,4883.83,4890.92,-0.411717,0.016463,0,-1.240541,0.247601,18.800754
05/04/2019,04:00,4893.68,4996.16,4893.18,4934.26,0.829233,0.021043,0,-1.478523,-3.066077,17.218665
05/04/2019,08:00,4935.6,5021.9,4935.6,5004.01,1.386052,0.017485,0,-1.938150,-0.565910,5.030197
05/04/2019,12:00,5004.73,5058.93,4951.8,4989.68,-0.300716,0.021406,0,0.181558,0.758396,4.725126
05/04/2019,16:00,4989.74,5065.36,4973.69,5012,0.446115,0.018372,0,-0.235728,-0.379536,5.118417
05/04/2019,20:00,5011.77,5067.62,4980,5039.73,0.557887,0.017483,0,3.804618,-2.625275,5.292383
12/04/2019,00:00,5037.82,5047.25,4912,5023.33,-0.287624,0.026847,0,-5.365861,-2.820393,-4.730549
12/04/2019,04:00,5023.3,5049.46,5002.8,5033.68,0.206637,0.009289,0,-3.317756,-3.771702,-4.135496
12/04/2019,08:00,5033.96,5104.63,5002,5077.63,0.867508,0.020388,0,-3.248151,-4.072474,-3.601658
12/04/2019,12:00,5082.02,5099.18,5055.39,5071.06,-0.215662,0.008617,0,0.656383,-3.014885,-2.473839
12/04/2019,16:00,5070.88,5122.48,5053.89,5057.29,-0.268001,0.013526,0,0.650243,-4.004059,-2.588731
12/04/2019,20:00,5057.29,5091.48,5027.7,5076.35,0.376882,0.012611,0,-0.231209,-6.362608,-3.039035
19/04/2019,00:00,5283,5283,5180.37,5230.72,-0.989589,0.019426,0,1.059760,1.567442,5.085602
19/04/2019,04:00,5228.33,5250.66,5223.14,5247.45,0.365700,0.005264,0,-0.850154,-0.051424,3.483746
19/04/2019,08:00,5247.45,5267,5231.03,5256.42,0.170940,0.006855,0,-0.293943,0.513924,3.500000
19/04/2019,12:00,5256.42,5287.34,5236.06,5284,0.524692,0.009756,0,0.361816,0.027022,3.649324
19/04/2019,16:00,5284.01,5357.96,5254.93,5296.38,0.234103,0.019498,0,0.566590,1.440008,4.015126
19/04/2019,20:00,5292.58,5306.62,5249.75,5289.91,-0.050448,0.010745,0,0.070904,1.182822,1.966081
26/04/2019,00:00,5132.5,5291.48,5061,5204.82,1.409060,0.044906,0,-5.669047,-7.209711,-4.745909
26/04/2019,04:00,5204.81,5241.54,5143,5161.89,-0.824622,0.018932,0,-4.285517,-6.609859,-4.206421
26/04/2019,08:00,5161.44,5191.31,5128.94,5156,-0.105397,0.012084,0,-4.936578,-5.630772,-6.850027
26/04/2019,12:00,5157.76,5186.26,5125,5137.57,-0.391449,0.011877,0,-5.691503,-5.056291,-7.151704
26/04/2019,16:00,5136.2,5137.56,5046.31,5081.38,-1.067326,0.017766,1,-2.797307,1.288139,2.935223
26/04/2019,20:00,5081.27,5175.18,5077.28,5155.19,1.454754,0.019267,0,-7.381727,-6.417286,-9.083476
03/05/2019,00:00,5385,5475,5363.1,5464.43,1.475023,0.020780,0,1.178442,2.223673,4.558843
03/05/2019,04:00,5464.63,5604,5454.85,5583.15,2.168857,0.027294,0,2.565532,2.739852,6.201706
03/05/2019,08:00,5584.31,5796.56,5550.26,5696.65,2.011708,0.044106,0,4.651328,5.163735,8.483759
03/05/2019,12:00,5696.98,5773.65,5677.49,5715.1,0.318063,0.016879,0,6.168095,7.267154,9.266281
03/05/2019,16:00,5713.69,5729.09,5618.27,5675.26,-0.672595,0.019396,0,5.638097,7.867139,8.594730
03/05/2019,20:00,5675.26,5712.68,5642.39,5658.22,-0.300251,0.012385,0,5.102273,7.060783,8.421946
10/05/2019,00:00,6151.66,6320.1,6105,6275.53,2.013603,0.034966,0,3.470629,6.956745,8.172847
10/05/2019,04:00,6272.39,6336.93,6217.83,6316.94,0.710256,0.018988,0,3.984383,8.600026,6.600963
10/05/2019,08:00,6320.8,6335,6255.05,6284.19,-0.579199,0.012649,0,4.350295,8.595295,7.514518
10/05/2019,12:00,6282.48,6318.39,6230.92,6305.41,0.364983,0.013923,0,4.089017,7.538779,6.663316
10/05/2019,16:00,6306.69,6426.8,6293.11,6368.52,0.980387,0.021198,0,5.186182,7.031466,7.517381
10/05/2019,20:00,6369.84,6391,6230,6342.84,-0.423872,0.025275,0,5.046654,7.893351,8.966622
17/05/2019,00:00,7879.28,7942.09,6178,7285,-7.542314,0.223890,0,-3.957718,-1.406956,0.877768
17/05/2019,04:00,7281.97,7431.1,7086.84,7290.94,0.123181,0.047276,0,-11.649416,-9.658134,-8.586869
17/05/2019,08:00,7282.98,7318.76,7048.6,7150.48,-1.819310,0.037095,0,-8.883593,-7.954623,-12.514970
17/05/2019,12:00,7145.89,7265.98,6894.8,7090.83,-0.770513,0.051943,0,-9.062692,-10.463390,-11.131824
17/05/2019,16:00,7084.7,7208,6964.01,7143.49,0.829816,0.034439,0,-11.681146,-11.667932,-10.875308
17/05/2019,20:00,7134.68,7388,7059.29,7351.71,3.041902,0.046072,0,-8.984239,-12.970481,-8.291890
24/05/2019,00:00,7880.4,7938.13,7830,7877.15,-0.041242,0.013721,0,3.377980,-0.865246,-1.589351
24/05/2019,04:00,7878.98,7909.75,7795.95,7883.99,0.063587,0.014443,0,2.697193,-0.661293,-0.651022
24/05/2019,08:00,7883.99,8074.84,7880.94,8035.47,1.921362,0.024594,0,3.748860,-0.365101,-0.646980
24/05/2019,12:00,8035.47,8154.04,7969.22,8110.99,0.939833,0.023001,0,5.744617,2.731067,2.007921
24/05/2019,16:00,8111.03,8188.87,8004.78,8061.99,-0.604609,0.022696,0,4.263193,1.594493,2.430231
24/05/2019,20:00,8066.46,8149.61,7935,7999.02,-0.836054,0.026605,0,3.571910,1.698108,0.520268
31/05/2019,00:00,8277.76,8377.29,8211.62,8261.78,-0.193047,0.020014,0,-4.447730,-5.020911,-5.660640
31/05/2019,04:00,8264.97,8309.47,8109.74,8303.45,0.465579,0.024166,0,-4.826845,-4.327005,-5.945752
31/05/2019,08:00,8304.74,8331.18,8169.14,8238,-0.803637,0.019512,0,-4.433262,-2.802489,-5.094760
31/05/2019,12:00,8231.34,8461.38,8222.71,8343.52,1.362840,0.028995,0,-5.537060,-4.575238,-5.921737
31/05/2019,16:00,8350.21,8472.21,8298.6,8439.24,1.066201,0.020791,1,2.948824,17.862577,32.402417
31/05/2019,20:00,8443.75,8589.99,8425.84,8547.2,1.225167,0.019440,0,-2.010788,-2.947299,-2.913598
07/06/2019,00:00,7801.97,7836.81,7758.93,7807.88,0.075750,0.009982,0,0.222875,1.675396,-3.722529
07/06/2019,04:00,7807.32,8020,7777.02,7947.57,1.796391,0.031122,0,-0.794299,0.164089,-1.131990
07/06/2019,08:00,7947.33,8046.23,7911.4,7923.47,-0.300227,0.016965,0,2.294746,1.599028,1.076991
07/06/2019,12:00,7922.01,7989,7915.06,7942.42,0.257637,0.009333,0,0.908198,1.751035,0.152593
07/06/2019,16:00,7939.83,8134.99,7926.75,7970.65,0.388170,0.026227,0,2.973321,3.937809,0.109063
07/06/2019,20:00,7970.3,8074.02,7880.53,8001.25,0.388317,0.024276,0,4.887964,2.306101,4.776828
14/06/2019,00:00,8235.44,8262.04,8174.92,8210.41,-0.303930,0.010579,0,0.787163,4.039314,2.712026
14/06/2019,04:00,8208.08,8264.58,8190.9,8264.58,0.688346,0.008977,0,1.043789,2.652198,3.020551
14/06/2019,08:00,8266.17,8325.18,8248.03,8277.07,0.131863,0.009333,0,1.686915,3.356711,4.064290
14/06/2019,12:00,8277.04,8475.88,8269.99,8415.54,1.673303,0.024875,0,1.894086,3.479298,6.197588
14/06/2019,16:00,8416.07,8461.38,8356.4,8416.01,-0.000713,0.012474,0,2.713288,2.746768,8.066113
14/06/2019,20:00,8418.64,8737.37,8416.98,8697.54,3.312887,0.038057,0,2.108604,2.980306,6.588000
21/06/2019,00:00,9534.99,9800,9534.97,9751.09,2.266389,0.027796,0,2.745855,5.051281,2.159002
21/06/2019,04:00,9751.09,9779.92,9658.58,9755,0.040098,0.012444,0,4.486637,6.675499,5.287088
21/06/2019,08:00,9755,9863.57,9680,9832.91,0.798667,0.018818,0,5.176790,6.299976,7.016227
21/06/2019,12:00,9834.58,9924.1,9684.66,9805,-0.300775,0.024347,0,6.098411,7.590044,7.148943
21/06/2019,16:00,9805,9962.48,9805,9906.8,1.038246,0.016061,0,4.364023,7.856413,8.034792
21/06/2019,20:00,9912.17,10229.49,9845.9,10222.12,3.126964,0.038699,0,3.834869,8.360755,9.241746
28/06/2019,00:00,11153.73,11525,10800,11103,-0.454825,0.065001,0,-13.720505,-5.155357,1.121759
28/06/2019,04:00,11103,11540.98,10739.1,11253.07,1.351617,0.072222,0,-13.426901,-9.260748,-0.328826
28/06/2019,08:00,11255.13,12100,11255,12075.08,7.285122,0.075077,0,-9.002761,-9.524678,-0.929256
28/06/2019,12:00,12070.75,12096.5,11530,11896.29,-1.445312,0.046932,0,-0.148155,-4.392825,6.038924
28/06/2019,16:00,11899,12336.24,11718.69,12320,3.538112,0.051899,1,21.356451,41.384280,49.864670
28/06/2019,20:00,12320,12447.46,12091.23,12354.43,0.279464,0.028915,0,13.831234,-10.969600,8.407952
05/07/2019,00:00,11144.82,11269.25,10965,11138,-0.061194,0.027300,0,-6.893734,2.905975,5.282340
05/07/2019,04:00,11138,11209.89,10769.15,10979.82,-1.420183,0.039571,0,-6.301711,-1.647567,8.123220
05/07/2019,08:00,10979.39,11345,10827.38,11211.76,2.116420,0.047145,0,-6.302969,-2.513221,11.747356
05/07/2019,12:00,11205.88,11440,11111.73,11264.69,0.524814,0.029294,0,-4.620905,-0.074459,12.683971
05/07/2019,16:00,11262.74,11360.52,11036.08,11124.82,-1.224569,0.028806,0,-4.262431,-1.750269,6.158124
05/07/2019,20:00,11125.61,11176.51,10807.13,10997.84,-1.148431,0.033201,0,-6.206868,-1.386190,3.255550
12/07/2019,00:00,11352.74,11532,11108.07,11195.16,-1.388035,0.037342,0,-6.186867,-9.718900,-7.700851
12/07/2019,04:00,11196.62,11735.32,11083.52,11677.59,4.295671,0.058214,0,-4.335590,-13.759510,-11.684511
12/07/2019,08:00,11677.59,11797.2,11572,11700.02,0.192077,0.019285,0,0.556447,-9.362152,-6.239191
12/07/2019,12:00,11702.52,11766.45,11485.02,11524.84,-1.518305,0.024049,0,0.840675,-10.056790,-4.932533
12/07/2019,16:00,11524.1,11697.08,11450,11637.24,0.981769,0.021440,0,-0.123415,-6.886193,-7.047368
12/07/2019,20:00,11631.05,11942.39,11621.98,11808.91,1.529183,0.027548,0,0.321898,-3.473239,-6.997134
19/07/2019,00:00,10638.44,10733.85,10524.75,10599.7,-0.364151,0.019655,0,9.537435,12.845361,-1.934225
19/07/2019,04:00,10606.25,10680.71,10401.08,10630.04,0.224302,0.026365,0,8.889936,12.666324,-1.106304
19/07/2019,08:00,10630.04,10776.99,10225.08,10284.33,-3.252198,0.051920,0,8.455852,11.107000,-1.168311
19/07/2019,12:00,10298.24,10670.22,10102.58,10409.25,1.077951,0.055120,0,5.439132,12.292822,-3.929399
19/07/2019,16:00,10421.16,10484.92,10296.27,10407.4,-0.132039,0.018103,0,-0.450407,6.942044,-0.838591
19/07/2019,20:00,10413.92,10596.88,10413.92,10535.43,1.166804,0.017569,0,-0.996131,6.721650,7.435648
26/07/2019,00:00,9886.08,9886.08,9650,9709.4,-1.787159,0.023880,0,1.068955,0.453796,-4.166299
26/07/2019,04:00,9709.4,9803.3,9666.24,9776.39,0.689950,0.014116,0,-4.055511,0.760786,-5.138935
26/07/2019,08:00,9774.39,9828.14,9745.98,9806.84,0.331990,0.008406,0,-2.893025,0.780518,-2.383002
26/07/2019,12:00,9795.53,9862.43,9710.76,9795.26,-0.002756,0.015484,0,-3.015323,0.820415,-2.181157
26/07/2019,16:00,9804.76,9897.46,9750,9865.66,0.621127,0.015040,0,-1.947497,-0.972023,-1.258842
26/07/2019,20:00,9862.28,9881.07,9750,9846.94,-0.155542,0.013290,0,0.034994,2.216317,-2.758899
02/08/2019,00:00,10416.79,10454.94,10318.47,10361.87,-0.527226,0.013101,0,3.177295,8.595785,9.555742
02/08/2019,04:00,10361.41,10583.88,10346.69,10540.99,1.733162,0.022892,0,3.623426,6.987745,9.900053
02/08/2019,08:00,10545,10562.95,10455.01,10490.78,-0.514177,0.010236,0,5.674029,8.297243,11.051317
02/08/2019,12:00,10490.81,10646.44,10472.48,10612.33,1.158347,0.016582,0,5.182310,7.435631,9.981434
02/08/2019,16:00,10611.8,10670,10355,10472,-1.317401,0.029684,0,5.808827,5.526629,9.309848
02/08/2019,20:00,10469,10550,10361,10529.51,0.577992,0.018053,0,1.739553,4.691884,8.884673
09/08/2019,00:00,11985.6,12040,11831.69,11855.24,-1.087638,0.017380,0,0.101391,4.480813,1.572881
09/08/2019,04:00,11855.83,11915,11778.55,11842.58,-0.111759,0.011509,0,-0.779731,1.984231,1.613445
09/08/2019,08:00,11835.24,11972.1,11653,11697.58,-1.163137,0.026962,0,-0.648229,2.761435,-2.963270
09/08/2019,12:00,11680.88,11872.19,11650,11725.21,0.379509,0.019022,0,-1.167038,-0.343907,-0.829809
09/08/2019,16:00,11709.7,11882.75,11652.55,11809.04,0.848356,0.019659,0,0.316205,0.541185,0.125780
09/08/2019,20:00,11809.01,11948.99,11793.58,11859.32,0.426031,0.013160,0,2.128357,0.318651,0.917995
16/08/2019,00:00,10294.9,10410.75,10243.13,10323.33,0.276156,0.016282,0,2.717885,-5.223135,-9.539998
16/08/2019,04:00,10323.33,10343.25,9736.96,9929,-3.819795,0.058730,0,5.159292,-2.655461,-9.337508
16/08/2019,08:00,9928.94,10229.49,9789.44,10149.95,2.225917,0.044320,0,0.922528,-6.038766,-12.505320
16/08/2019,12:00,10131.63,10476.13,10035.17,10392.83,2.578065,0.043523,0,-0.189835,-3.671402,-9.955954
16/08/2019,16:00,10398.94,10540,10320,10473.97,0.721516,0.021156,0,2.982030,-0.693877,-4.509625
16/08/2019,20:00,10473.97,10525.42,10279.27,10354.34,-1.142165,0.023501,0,3.754448,3.514809,-3.860021
23/08/2019,00:00,10112.45,10166.51,10051,10144.65,0.318419,0.011423,0,-0.109744,-6.181607,-7.457011
23/08/2019,04:00,10149.33,10255.07,10111.95,10230.65,0.801235,0.014101,0,2.849473,-1.274662,-5.955321
23/08/2019,08:00,10231.12,10236.16,10072.58,10136.43,-0.925510,0.015988,0,2.711260,1.207832,-5.425032
23/08/2019,12:00,10135.73,10457.22,10118.12,10409,2.696106,0.033456,0,1.793690,-0.215994,-5.360849
23/08/2019,16:00,10412.46,10479,10384.22,10420,0.072413,0.009103,0,3.043774,4.415502,-2.886961
23/08/2019,20:00,10425,10454.31,10310,10401.6,-0.224460,0.013843,0,2.589890,3.306911,-2.915515
30/08/2019,00:00,9490.56,9529,9350.1,9455.94,-0.364784,0.018850,0,-2.362503,-6.693579,-8.349018
30/08/2019,04:00,9461.24,9538.75,9435.54,9466.55,0.056124,0.010909,0,-1.344089,-6.197677,-7.051746
30/08/2019,08:00,9473.87,9630,9460.36,9565.13,0.963281,0.017906,0,0.835196,-6.734062,-6.850157
30/08/2019,12:00,9575.74,9620,9544.62,9575.04,-0.007310,0.007872,0,1.269927,-5.502908,-5.236011
30/08/2019,16:00,9588.56,9599.81,9446.79,9572.43,-0.168221,0.015959,1,-7.912635,-7.792910,-18.114384
30/08/2019,20:00,9573.45,9700,9558.49,9579.75,0.065807,0.014782,0,0.809662,-1.067405,-5.702035
06/09/2019,00:00,10573.04,10725.4,10560.64,10657.94,0.802986,0.015583,0,-0.124879,-0.420806,1.819807
06/09/2019,04:00,10657.94,10802,10651.98,10744.07,0.808130,0.014076,0,0.858122,0.359046,2.379880
06/09/2019,08:00,10760.41,10923.18,10701.01,10875,1.064922,0.020647,0,1.902164,1.801419,3.666334
06/09/2019,12:00,10875,10949,10803.34,10890.45,0.142069,0.013394,0,2.833184,3.167797,4.197307
06/09/2019,16:00,10875.16,10898.68,10280.71,10373.87,-4.609495,0.056824,0,2.963506,4.261475,1.643469
06/09/2019,20:00,10384.6,10429.13,10204.18,10311.09,-0.707875,0.021662,0,-1.421914,-3.088412,-2.496596
13/09/2019,00:00,10423.99,10458.13,10350,10386.41,-0.360515,0.010373,0,2.559867,3.275411,1.030955
13/09/2019,04:00,10390.31,10431.09,10293.37,10312,-0.753683,0.013255,0,2.811957,3.053220,0.809753
13/09/2019,08:00,10322.74,10364.1,10244.84,10321.4,-0.012981,0.011553,0,2.460585,2.703509,0.438914
13/09/2019,12:00,10326.23,10363.94,10283.49,10304.24,-0.212953,0.007791,0,1.612619,2.645401,0.759042
13/09/2019,16:00,10309.69,10325,10181.58,10219.19,-0.877815,0.013911,0,-0.284454,3.207538,1.352123
13/09/2019,20:00,10219.19,10389.14,10153.87,10368.65,1.462543,0.023022,0,-0.906938,1.447982,2.074005
20/09/2019,00:00,10284.72,10308.04,10175,10224.8,-0.582612,0.012936,0,1.211720,0.999317,0.268299
20/09/2019,04:00,10231.11,10232.73,10150,10151.37,-0.779388,0.008086,0,4.239531,0.182914,-0.097743
20/09/2019,08:00,10158.3,10199.19,10121,10158.85,0.005414,0.007697,0,2.987649,-0.494281,-0.568791
20/09/2019,12:00,10167.72,10229.49,10123.99,10167.71,-0.000098,0.010376,0,3.188499,0.067612,0.003737
20/09/2019,16:00,10179.6,10181.33,10055,10144.57,-0.344120,0.012410,0,2.941221,0.069304,-0.209979
20/09/2019,20:00,10144.69,10185.62,10062.85,10169.02,0.239830,0.012102,0,0.280636,-0.315032,-1.110385
27/09/2019,00:00,8055.25,8102.44,7932.48,8026.71,-0.354303,0.021099,0,-4.597534,-5.639878,-16.833494
27/09/2019,04:00,8021.7,8081.42,7953.6,8049.29,0.343942,0.015934,0,-4.150297,-6.624311,-17.313911
27/09/2019,08:00,8049.29,8123.03,7940.58,7974.04,-0.934865,0.022667,0,-3.891485,-3.459107,-17.357825
27/09/2019,12:00,7986.97,8104.01,7866,7993.32,0.079504,0.029800,0,-4.701126,-4.106726,-17.831978
27/09/2019,16:00,7985.02,8069.81,7944.77,7997.92,0.161553,0.015659,1,-21.558607,-22.548399,-26.575609
27/09/2019,20:00,7997.89,8294.04,7984.97,8187.72,2.373501,0.038644,0,-1.690871,-4.200365,-4.662063
04/10/2019,00:00,8243.39,8244.93,8052.42,8112.05,-1.593277,0.023353,0,-1.602950,-0.997068,-0.735508
04/10/2019,04:00,8112,8148.35,7986.65,8137.55,0.314965,0.019933,0,-2.763427,-1.961614,-3.657957
04/10/2019,08:00,8144.88,8184.58,8085.35,8156.97,0.148437,0.012183,0,-1.681044,-0.883844,-3.475639
04/10/2019,12:00,8158.14,8189.09,8124.98,8157.21,-0.011400,0.007858,0,-0.933093,-1.601748,-2.653999
04/10/2019,16:00,8160,8220.72,8131.45,8200.73,0.499142,0.010940,0,0.641590,-1.113443,-2.681622
04/10/2019,20:00,8204.58,8238.74,8138.76,8152.07,-0.640008,0.012186,0,0.570973,-0.787093,-1.363549
11/10/2019,00:00,8589.08,8595.57,8509.18,8579.75,-0.108626,0.010058,0,0.029232,4.925939,4.604045
11/10/2019,04:00,8579.75,8820,8356,8398.79,-2.109152,0.054081,0,0.156426,5.623833,3.680148
11/10/2019,08:00,8392.76,8397.21,8288,8305.98,-1.033986,0.013012,0,-2.660812,2.699786,2.165090
11/10/2019,12:00,8305.04,8368.95,8287,8350,0.541358,0.009868,0,-2.865029,1.368746,1.459768
11/10/2019,16:00,8350,8370,8283,8346.67,-0.039880,0.010419,0,-2.424089,-2.601303,1.965554
11/10/2019,20:00,8346.67,8368.12,8222.88,8265.55,-0.971885,0.017401,0,-2.742701,-3.033531,2.205457
18/10/2019,00:00,8069.26,8120.77,8054.55,8072.58,0.041144,0.008206,0,0.919616,-1.141692,-3.400680
18/10/2019,04:00,8072.15,8082.15,7850,7911.74,-1.987203,0.028759,0,1.332411,-1.125788,-2.952255
18/10/2019,08:00,7907.12,7936.69,7811.62,7924.59,0.220940,0.015817,0,-0.883349,-2.789280,-4.495769
18/10/2019,12:00,7926,7983.39,7893.49,7920.09,-0.074565,0.011342,0,-1.777936,-1.558716,-4.470114
18/10/2019,16:00,7921.27,7990.88,7906.04,7950.62,0.370521,0.010710,0,-1.958899,-0.286128,-4.785676
18/10/2019,20:00,7953.91,7989.85,7918.18,7955.08,0.014710,0.009011,0,-1.307804,-0.034688,-2.669462
25/10/2019,00:00,7427,7465.34,7424.08,7450,0.309681,0.005555,0,-0.585883,-7.412140,-9.498899
25/10/2019,04:00,7456.21,7485.18,7393.14,7477.75,0.288887,0.012344,0,0.527160,-6.315956,-9.275514
25/10/2019,08:00,7477.75,7650.88,7453.04,7591.1,1.515830,0.026457,0,0.618831,-6.042246,-9.075489
25/10/2019,12:00,7592.1,8525,7581.33,8295.73,9.267923,0.124296,0,2.029681,-4.657074,-8.382217
25/10/2019,16:00,8296.04,8784.29,8295.73,8638.39,4.126668,0.058891,1,4.731186,-0.646228,1.667157
25/10/2019,20:00,8646.05,8717.65,8561.84,8662.66,0.192111,0.018021,0,15.551519,15.419786,5.862698
01/11/2019,00:00,9158.08,9158.08,9056,9076.03,-0.895930,0.011146,0,-0.125088,-2.852039,-0.632677
01/11/2019,04:00,9076.03,9161.09,9054.6,9120,0.484463,0.011733,0,-0.382838,-2.286400,-2.349900
01/11/2019,08:00,9119.99,9303.53,9100.32,9173.18,0.583224,0.022282,0,0.164855,-0.606389,-3.586746
01/11/2019,12:00,9174.06,9264.29,9078.43,9096.79,-0.842266,0.020259,0,0.559354,0.693567,-2.983035
01/11/2019,16:00,9096.79,9222.26,9062.36,9184.7,0.966385,0.017578,0,-1.493282,-0.055373,-2.800857
01/11/2019,20:00,9179.49,9300,9179.49,9250.45,0.773028,0.013128,0,-0.540018,-0.336140,-0.578906
08/11/2019,00:00,9209.3,9249.56,9161.96,9219.88,0.114884,0.009512,0,-1.462869,-1.178225,-2.140741
08/11/2019,04:00,9221.85,9253.39,9086.75,9133.62,-0.956749,0.018070,0,-0.798829,-0.900422,-2.136436
08/11/2019,08:00,9121.88,9140,8909,9010.58,-1.220143,0.025324,0,-1.382842,-2.974825,-1.172790
08/11/2019,12:00,9010.58,9020.58,8661,8790.96,-2.437357,0.039906,0,-1.898966,-4.070104,-2.955520
08/11/2019,16:00,8790.96,8839.8,8695,8792.9,0.022068,0.016471,0,-4.279721,-5.977529,-6.183527
08/11/2019,20:00,8792.87,8885.82,8749.72,8767.37,-0.290008,0.015478,0,-4.394670,-5.451282,-6.421199
15/11/2019,00:00,8632.07,8644.15,8492.85,8541.92,-1.044361,0.017528,0,-1.522555,-2.097425,-1.012458
15/11/2019,04:00,8536.3,8589.1,8522.41,8550,0.160491,0.007813,0,-2.497890,-2.108223,-2.218226
15/11/2019,08:00,8549.99,8799.03,8544.85,8611.53,0.719767,0.029729,0,-1.013713,-1.989445,-2.399046
15/11/2019,12:00,8616.51,8682.52,8363,8475.22,-1.639759,0.037082,0,-0.042111,-1.663384,-1.319103
15/11/2019,16:00,8466.96,8488.74,8416,8475.59,0.101926,0.008591,0,-1.688728,-3.035273,-2.418853
15/11/2019,20:00,8475.59,8522,8434.68,8463.49,-0.142763,0.010303,0,-1.801854,-3.203485,-3.285442
22/11/2019,00:00,7612.23,7683.28,7581.03,7589.14,-0.303328,0.013432,0,-5.853783,-6.300406,-6.905673
22/11/2019,04:00,7589.15,7624.22,7401.66,7554.73,-0.453542,0.029326,0,-6.337086,-6.563107,-6.695329
22/11/2019,08:00,7547.57,7714.7,6929,7099.68,-5.934228,0.104100,0,-6.459357,-6.929510,-6.907699
22/11/2019,12:00,7094.6,7158.47,6785,7115,0.287543,0.052641,0,-9.575471,-12.195545,-11.977340
22/11/2019,16:00,7116.81,7356,7100,7313.61,2.765284,0.035971,0,-6.446393,-12.263146,-11.993535
22/11/2019,20:00,7314.59,7388,7211.75,7285.85,-0.392913,0.024096,0,-3.978140,-9.452388,-9.597870
29/11/2019,00:00,7429.32,7524.44,7411.17,7498.69,0.933733,0.015246,0,-1.177203,3.634948,4.240142
29/11/2019,04:00,7498.69,7544.38,7449.42,7527.85,0.388868,0.012664,0,0.072732,5.952011,3.587803
29/11/2019,08:00,7526.71,7614.64,7501.7,7521.81,-0.065101,0.015005,0,0.303975,6.516177,5.013554
29/11/2019,12:00,7527.64,7831.15,7423.33,7814.75,3.814077,0.054176,0,0.583111,5.118047,4.880638
29/11/2019,16:00,7816.74,7870.35,7710.78,7728.64,-1.127068,0.020414,1,9.834884,-7.679498,-11.082066
29/11/2019,20:00,7725.86,7779.54,7680.5,7753.69,0.360219,0.012819,0,1.217223,1.878174,9.189557
06/12/2019,00:00,7397.35,7442.25,7325.46,7379.63,-0.239545,0.015788,0,2.746966,1.344668,1.085141
06/12/2019,04:00,7371.45,7414.94,7327.01,7369.68,-0.024012,0.011928,0,2.113203,3.168338,0.194641
06/12/2019,08:00,7372.5,7452.03,7305.56,7345.69,-0.363649,0.019867,0,0.910073,3.267873,1.102702
06/12/2019,12:00,7344.55,7436.51,7343.89,7372.97,0.386954,0.012611,0,-0.320162,1.911389,0.983914
06/12/2019,16:00,7373.21,7618.99,7373.21,7446.21,0.990071,0.033334,0,0.373685,-1.418844,0.398013
06/12/2019,20:00,7452.1,7569.11,7430.8,7541.79,1.203553,0.018560,0,0.986270,-0.472788,1.685595
13/12/2019,00:00,7185.15,7223.3,7179.65,7217.99,0.457054,0.006075,0,-0.330145,-0.544674,-2.003532
13/12/2019,04:00,7217.99,7239.38,7200.14,7227.56,0.132585,0.005436,0,0.891503,0.088330,-2.097089
13/12/2019,08:00,7222.52,7245,7190,7211.78,-0.148702,0.007615,0,1.148517,0.199636,-1.690417
13/12/2019,12:00,7214.95,7258.52,7193.42,7250.63,0.494529,0.009023,0,0.308505,-0.194770,-1.750528
13/12/2019,16:00,7250.63,7302.35,7200,7255.07,0.061236,0.014116,0,0.899669,1.234818,0.146962
13/12/2019,20:00,7250.25,7268.61,7221.12,7257.47,0.099583,0.006550,0,0.626081,0.755011,0.281886
20/12/2019,00:00,7157.53,7161.57,7074.72,7120.61,-0.515820,0.012134,0,-1.775513,8.127465,4.002424
20/12/2019,04:00,7124.56,7154.87,7072.61,7146.21,0.303878,0.011546,0,-0.572320,6.603065,3.742383
20/12/2019,08:00,7142.05,7169,7096.63,7141.52,-0.007421,0.010133,0,0.746637,8.043120,4.065854
20/12/2019,12:00,7145.9,7218.11,7131.97,7158.94,0.182482,0.012054,0,0.015676,8.146843,3.152950
20/12/2019,16:00,7157.72,7210,7127.61,7187.5,0.416054,0.011511,0,0.160364,4.779374,6.920689
20/12/2019,20:00,7189.3,7217,7168.75,7194.11,0.066905,0.006711,0,0.102201,3.278366,8.612987
27/12/2019,00:00,7195.17,7229.78,7176.64,7213.02,0.248083,0.007386,0,-0.008755,-0.721357,-1.671343
27/12/2019,04:00,7213.02,7218.4,7150,7164.46,-0.673227,0.009483,0,0.568581,-0.166090,-1.355689
27/12/2019,08:00,7159.15,7190.4,7052,7101.05,-0.811549,0.019332,0,-0.498263,-1.132417,-1.225992
27/12/2019,12:00,7103.24,7251.79,7060,7226.83,1.739910,0.027000,0,-1.000829,-1.401678,-3.518606
27/12/2019,16:00,7224,7255.37,7156.32,7204.67,-0.267580,0.013711,1,0.925993,-0.367278,-2.023678
27/12/2019,20:00,7204.67,7247.86,7202,7246,0.573656,0.006365,0,-1.231205,-0.420589,-0.642509
03/01/2020,00:00,6945.7,6951.29,6853.53,6933.4,-0.177088,0.014075,0,-3.191771,-3.002364,-3.835663
03/01/2020,04:00,6942.82,7265.98,6934.1,7192.68,3.598826,0.047802,0,-2.156199,-3.517539,-3.664935
03/01/2020,08:00,7189.77,7369.99,7189.77,7333.22,1.995196,0.025066,0,1.650064,0.119758,-0.575684
03/01/2020,12:00,7333.42,7370,7224.67,7312.54,-0.284724,0.019817,0,3.030320,2.164800,1.610179
03/01/2020,16:00,7317.35,7402.31,7272.54,7329.95,0.172193,0.017735,0,2.884191,1.392996,2.057937
03/01/2020,20:00,7332.6,7352.68,7247.73,7338.91,0.086054,0.014313,0,5.251070,1.749386,2.668433
10/01/2020,00:00,7812.7,7850,7760.57,7805.38,-0.093694,0.011447,0,-2.935045,-4.159700,0.573237
10/01/2020,04:00,7807.07,7808.13,7709.22,7744.64,-0.799660,0.012669,0,-1.806755,-6.041365,-1.139288
10/01/2020,08:00,7743.41,7850.14,7667,7836.82,1.206316,0.023651,0,-2.545660,-6.688141,-1.691083
10/01/2020,12:00,7835.08,8081.76,7801.03,8062.01,2.896333,0.035830,0,-0.547712,-6.076270,-0.708655
10/01/2020,16:00,8065.61,8140,7912.23,8064.4,-0.015002,0.028240,0,2.110676,-2.928065,3.910823
10/01/2020,20:00,8061.31,8200,7983.62,8200,1.720440,0.026842,0,1.809927,1.271085,-0.172503
17/01/2020,00:00,8715.39,8833.22,8661.52,8776.67,0.703124,0.019701,0,-1.080855,-1.109813,7.530898
17/01/2020,04:00,8780.22,8998,8742.42,8925.65,1.656337,0.029109,0,1.798472,0.705148,3.731769
17/01/2020,08:00,8911,9015.22,8868.13,8884.93,-0.292560,0.016507,0,2.869874,3.566423,4.818646
17/01/2020,12:00,8895.32,8906.31,8762.39,8834.58,-0.682831,0.016179,0,2.161684,1.961791,4.346745
17/01/2020,16:00,8842.61,8950,8800,8869.17,0.300364,0.016963,0,1.689456,1.152269,1.728881
17/01/2020,20:00,8869.27,8950,8854.68,8892.63,0.263381,0.010747,0,2.040988,1.339807,1.034579
24/01/2020,00:00,8382.08,8403.88,8268.28,8309.33,-0.867923,0.016177,0,-3.227453,-3.968508,-2.868943
24/01/2020,04:00,8309.33,8340.01,8280.7,8317.13,0.093870,0.007138,0,-2.956843,-4.432020,-3.973351
24/01/2020,08:00,8316.22,8393.37,8212.9,8388.39,0.867822,0.021701,0,-2.767249,-4.622629,-3.454465
24/01/2020,12:00,8389.75,8530.7,8349.15,8493.33,1.234602,0.021640,0,-0.017042,-2.868307,-2.898547
24/01/2020,16:00,8493.33,8516.15,8436.86,8496.58,0.038265,0.009336,0,1.962213,-1.559479,-1.629256
24/01/2020,20:00,8489.21,8503.94,8387.77,8422.13,-0.790180,0.013684,0,1.715668,-1.672989,-0.260475
31/01/2020,00:00,9510.84,9529.35,9377.83,9430.25,-0.847349,0.015931,0,2.478334,1.323913,6.928609
31/01/2020,04:00,9418.9,9432.78,9303.53,9351.03,-0.720572,0.013722,0,1.816590,0.937153,3.627610
31/01/2020,08:00,9343.88,9384.04,9249.58,9321.21,-0.242619,0.014390,0,-0.315572,-0.118867,3.468292
31/01/2020,12:00,9309.04,9319.52,9195.93,9309.8,0.008164,0.013276,0,-0.074496,0.215847,2.716814
31/01/2020,16:00,9318.52,9349,9234.11,9282.37,-0.387937,0.012329,1,9.715742,5.382008,15.533977
31/01/2020,20:00,9282.59,9412.87,9282.59,9327.85,0.487579,0.014035,0,-2.216475,-0.982644,3.111705
07/02/2020,00:00,9754.63,9850,9737.46,9768.67,0.143932,0.011537,0,1.422253,6.392983,5.103222
07/02/2020,04:00,9752.59,9807.42,9722.75,9776.29,0.243012,0.008682,0,1.384492,5.860050,5.247374
07/02/2020,08:00,9776.29,9878,9742.95,9797.52,0.217158,0.013814,0,1.712604,5.759137,5.617231
07/02/2020,12:00,9791.23,9825,9706.94,9779.14,-0.123478,0.012058,0,1.107499,3.996291,6.828996
07/02/2020,16:00,9782.27,9818.74,9739.83,9758.94,-0.238493,0.008067,0,0.012371,3.200695,6.530851
07/02/2020,20:00,9758.94,9820,9718.45,9803.42,0.455787,0.010406,0,0.202583,1.004775,6.614533
14/02/2020,00:00,10229.19,10294.73,10171.09,10249.14,0.195030,0.012087,0,-1.155595,-0.406875,3.828668
14/02/2020,04:00,10253.87,10280.88,10093.26,10102.78,-1.473492,0.018297,0,-1.391253,-0.445061,5.448227
14/02/2020,08:00,10106.72,10300,10101.91,10266.07,1.576674,0.019600,0,-2.444882,-2.765586,3.871417
14/02/2020,12:00,10266.07,10353.31,10211.49,10257.11,-0.087278,0.013814,0,1.157400,-0.862929,4.689157
14/02/2020,16:00,10257.11,10394.02,10244.83,10357.73,0.980978,0.014545,0,-0.124539,-0.807208,0.444391
14/02/2020,20:00,10357.73,10398,10300,10364.04,0.060921,0.009462,0,1.067195,0.243502,0.599553
21/02/2020,00:00,9610.4,9727.26,9574.96,9711.24,1.049280,0.015847,0,0.222127,-5.690706,-1.184198
21/02/2020,04:00,9711.24,9748.76,9658.01,9695.31,-0.164037,0.009345,0,1.416623,-4.466858,-0.136459
21/02/2020,08:00,9685.73,9733.59,9617.22,9705.47,0.203805,0.012015,0,0.921090,-3.843202,-1.176104
21/02/2020,12:00,9710.28,9773.2,9671.08,9730.85,0.211837,0.010517,0,1.432444,-4.981711,-0.147050
21/02/2020,16:00,9741.57,9765.24,9675,9687.44,-0.555660,0.009263,0,1.667008,-3.813468,-1.146877
21/02/2020,20:00,9684.97,9743.6,9562.6,9696.13,0.115230,0.018689,0,1.385165,-4.726786,-3.783118
28/02/2020,00:00,8816.5,8900.94,8782.14,8835.21,0.212216,0.013475,0,0.434363,-5.253939,-8.777873
28/02/2020,04:00,8835,8865.65,8698.18,8719.59,-1.306282,0.018955,0,1.166709,-3.418240,-7.680637
28/02/2020,08:00,8722.3,8781.16,8534.01,8573.77,-1.702877,0.028335,0,-1.094814,-4.431898,-8.282860
28/02/2020,12:00,8583.88,8719.75,8421.49,8705.9,1.421502,0.034747,0,-2.551918,-6.178901,-10.957634
28/02/2020,16:00,8705.05,8728.67,8492.08,8571.34,-1.536005,0.027178,1,-10.640174,-15.131553,-11.011963
28/02/2020,20:00,8564.1,8806.26,8560.13,8703.84,1.631695,0.028740,0,-3.888411,-2.970227,-8.319649
06/03/2020,00:00,9059,9094.88,8990.01,9052.64,-0.070206,0.011576,0,3.439338,3.466983,1.588590
06/03/2020,04:00,9049.99,9149.43,9018.23,9114.09,0.708288,0.014497,0,1.919122,2.946784,1.986887
06/03/2020,08:00,9107.57,9187.85,9084.92,9142.65,0.385174,0.011302,0,2.289148,3.291348,4.052266
06/03/2020,12:00,9137.68,9144.44,9019.72,9019.72,-1.290918,0.013649,0,0.267411,4.742342,2.959427
06/03/2020,16:00,9029.41,9119.53,9022.82,9106.42,0.852880,0.010711,0,-0.703151,3.740890,3.168143
06/03/2020,20:00,9106.42,9160.8,9078.16,9153.79,0.520182,0.009075,0,-0.617809,4.112875,4.481266
13/03/2020,00:00,4841.67,5640.52,3850,5365.42,10.817548,0.369815,0,-39.146637,-38.663581,-39.000277
13/03/2020,04:00,5362.37,5472.25,4851.24,5431.52,1.289542,0.115809,0,-30.037001,-32.327742,-32.184135
13/03/2020,08:00,5432.55,5848,5240,5454.18,0.398156,0.111918,0,-26.412242,-30.918656,-31.294162
13/03/2020,12:00,5453.07,5990.35,4975,5250.68,-3.711487,0.186198,0,-9.180890,-30.389777,-32.465121
13/03/2020,16:00,5239.06,5588.2,4850.01,5453.51,4.093292,0.140901,0,-14.601800,-32.778701,-32.511214
13/03/2020,20:00,5459.14,5777.63,5316.99,5622.74,2.996809,0.084380,0,-9.627810,-30.378147,-31.625625
20/03/2020,00:00,6192.94,6289.03,6059.51,6164.02,-0.466983,0.037062,0,14.408646,15.952031,22.598245
20/03/2020,04:00,6166.85,6364.91,6123.25,6329.25,2.633435,0.039187,0,16.401342,13.842533,15.723982
20/03/2020,08:00,6334.63,7139,6325.36,6685.05,5.531815,0.128443,0,16.597581,22.793894,17.726546
20/03/2020,12:00,6685.05,6727.82,6444,6626.39,-0.877480,0.042456,0,18.161989,29.582606,26.424750
20/03/2020,16:00,6637.76,6677.68,6162.7,6190,-6.745649,0.077583,0,11.943173,24.115751,23.357344
20/03/2020,20:00,6188.64,6357.63,5670,6210.14,0.347411,0.111112,0,-0.728737,15.693246,14.515377
27/03/2020,00:00,6765.15,6872.67,6765.15,6809.65,0.657783,0.015893,0,1.040704,-0.051561,4.164165
27/03/2020,04:00,6816.99,6847.99,6629.8,6721.13,-1.406192,0.032007,0,1.127731,4.049496,4.090645
27/03/2020,08:00,6719.76,6722.99,6605.99,6636.07,-1.245431,0.017411,0,1.799430,0.338805,2.002787
27/03/2020,12:00,6636.07,6680.23,6582.27,6632.57,-0.052742,0.014762,0,0.190989,1.477960,-1.786793
27/03/2020,16:00,6635.18,6700.93,6598.07,6668.84,0.507296,0.015502,1,-0.038869,26.648292,-26.515907
27/03/2020,20:00,6663,6709.79,6210,6376.03,-4.306919,0.075010,0,-0.157488,0.431389,-0.922670
03/04/2020,00:00,6789.63,6827.01,6727.54,6778.78,-0.159803,0.014650,0,1.794316,5.613697,5.939819
03/04/2020,04:00,6781.87,6963.94,6749.5,6944.01,2.390786,0.031620,0,2.367849,6.316067,5.167935
03/04/2020,08:00,6947.18,7047.96,6880.92,7017.71,1.015232,0.024044,0,4.202177,9.557963,7.775723
03/04/2020,12:00,7016.99,7022.65,6677.68,6720.41,-4.226599,0.049162,0,4.647164,11.226665,9.714183
03/04/2020,16:00,6718.67,6799.88,6610,6782.58,0.951230,0.028262,0,-1.613593,7.640978,3.963141
03/04/2020,20:00,6776.77,6819.07,6669.68,6742.57,-0.504665,0.022044,0,-0.447904,9.138682,4.694657
10/04/2020,00:00,7299.12,7306.1,7160.18,7180.75,-1.621702,0.019991,0,-0.973158,1.309408,-0.500692
10/04/2020,04:00,7177.65,7177.65,6867.63,6938.01,-3.338697,0.043192,0,-1.538316,-2.406243,-2.078445
10/04/2020,08:00,6937.6,6960.74,6857.51,6904.9,-0.471345,0.014880,0,-5.612040,-5.218994,-6.108446
10/04/2020,12:00,6904.89,6967.08,6750.15,6776.81,-1.854917,0.031417,0,-3.898539,-5.464396,-6.589692
10/04/2020,16:00,6777,6963.71,6755,6917.7,2.076140,0.030797,0,-7.094259,-6.917652,-7.493479
10/04/2020,20:00,6918.89,6947.26,6831.59,6877.03,-0.605010,0.016718,0,-4.808231,-5.366783,-5.154293
17/04/2020,00:00,7121.35,7150.12,7030,7093.4,-0.392482,0.016868,0,7.589515,3.675563,3.739297
17/04/2020,04:00,7085.96,7090.35,7022.39,7055.55,-0.429159,0.009591,0,6.241857,2.405369,2.697007
17/04/2020,08:00,7059.16,7132.99,7040.28,7076.97,0.252296,0.013133,0,2.306370,2.793371,3.383503
17/04/2020,12:00,7079.7,7110.25,6995.39,7048.51,-0.440555,0.016224,0,0.613227,4.413116,3.428629
17/04/2020,16:00,7050.91,7092.86,7024.34,7070.55,0.278546,0.009718,0,-0.046072,5.182830,1.827459
17/04/2020,20:00,7070.54,7158.22,7020,7024.19,-0.655537,0.019549,0,-0.188738,4.952426,2.096206